CLOCKS_PER_SEC,1000000,MAX_THREADS,50,NUM_CPUS,2,THINK_TIME,10000000,AVG_SERVICE_TIME,80000,QUANTA_BURST_TIME,20000,AVG_INTERARRIVAL_TIME,100000
TIMEOUT,2000000,SIMULATION_TIME,300000000,CTX_SWITCH_OVERHEAD,1000,MAX_QUEUE_SIZE,200,RETRY_PROB,0.5,RETRY_DELAY,50000,SCHEDULER,ROUNDROBIN
NUM_USERS,RESPONSE_TIMES_RUN_1,RESPONSE_TIMES_RUN_2,RESPONSE_TIMES_RUN_3,RESPONSE_TIMES_RUN_4,RESPONSE_TIMES_RUN_5,RESPONSE_TIMES_RUN_6,RESPONSE_TIMES_RUN_7,RESPONSE_TIMES_RUN_8,RESPONSE_TIMES_RUN_9,RESPONSE_TIMES_RUN_10,GOODPUT_RUN_1,GOODPUT_RUN_2,GOODPUT_RUN_3,GOODPUT_RUN_4,GOODPUT_RUN_5,GOODPUT_RUN_6,GOODPUT_RUN_7,GOODPUT_RUN_8,GOODPUT_RUN_9,GOODPUT_RUN_10,BADPUT_RUN_1,BADPUT_RUN_2,BADPUT_RUN_3,BADPUT_RUN_4,BADPUT_RUN_5,BADPUT_RUN_6,BADPUT_RUN_7,BADPUT_RUN_8,BADPUT_RUN_9,BADPUT_RUN_10,DROP_RATE_RUN_1,DROP_RATE_RUN_2,DROP_RATE_RUN_3,DROP_RATE_RUN_4,DROP_RATE_RUN_5,DROP_RATE_RUN_6,DROP_RATE_RUN_7,DROP_RATE_RUN_8,DROP_RATE_RUN_9,DROP_RATE_RUN_10,UTIL_RUN_1,UTIL_RUN_2,UTIL_RUN_3,UTIL_RUN_4,UTIL_RUN_5,UTIL_RUN_6,UTIL_RUN_7,UTIL_RUN_8,UTIL_RUN_9,UTIL_RUN_10,AVG_QUEUE_LEN_RUN_1,AVG_QUEUE_LEN_RUN_2,AVG_QUEUE_LEN_RUN_3,AVG_QUEUE_LEN_RUN_4,AVG_QUEUE_LEN_RUN_5,AVG_QUEUE_LEN_RUN_6,AVG_QUEUE_LEN_RUN_7,AVG_QUEUE_LEN_RUN_8,AVG_QUEUE_LEN_RUN_9,AVG_QUEUE_LEN_RUN_10,QUEUE_WAIT_RUN_1,QUEUE_WAIT_RUN_2,QUEUE_WAIT_RUN_3,QUEUE_WAIT_RUN_4,QUEUE_WAIT_RUN_5,QUEUE_WAIT_RUN_6,QUEUE_WAIT_RUN_7,QUEUE_WAIT_RUN_8,QUEUE_WAIT_RUN_9,QUEUE_WAIT_RUN_10
1,0.07652913333333333,0.07011106896551725,0.09098183333333333,0.08363971428571429,0.08940448387096775,0.09245710344827586,0.07382244827586207,0.06336959375,0.09670241379310344,0.08164106666666666,0.09999999999999999,0.09666666666666668,0.09999999999999999,0.09333333333333334,0.10333333333333333,0.09666666666666668,0.09666666666666668,0.10666666666666667,0.09666666666666668,0.09999999999999999,0.0,0.0,0.0,0.0,0.0,0.0,0.0,0.0,0.0,0.0,0.0,0.0,0.0,0.0,0.0,0.0,0.0,0.0,0.0,0.0,0.0038979513964490196,0.00347315763148844,0.004742753872324763,0.0040297402040120915,0.004762970329571686,0.004627791281820231,0.0036898845167710726,0.003464364154582747,0.004815904935284651,0.004178309221404882,0.0,0.0,0.0,0.0,0.0,0.0,0.0,0.0,0.0,0.0,0.0,0.0,0.0,0.0,0.0,0.0,0.0,0.0,0.0,0.0
2,0.07481322413793103,0.09290580645161291,0.08031811666666668,0.07006345762711864,0.09732781355932203,0.09134553448275862,0.10998452542372882,0.062389016129032256,0.0731040338983051,0.0837475,0.19333333333333336,0.20666666666666667,0.19999999999999998,0.19666666666666666,0.19666666666666666,0.19333333333333336,0.19666666666666666,0.20666666666666667,0.19666666666666666,0.20666666666666667,0.0,0.0,0.0,0.0,0.0,0.0,0.0,0.0,0.0,0.0,0.0,0.0,0.0,0.0,0.0,0.0,0.0,0.0,0.0,0.0,0.007373174042797116,0.009715874942453549,0.008084853672137201,0.006993294102548989,0.009584689472717607,0.00895547522934219,0.011034309985518026,0.006530597468790442,0.007260335735353179,0.008769091822449856,0.0,0.0,0.0,0.0,0.0,0.0,0.0,0.0,0.0,0.0,0.0,0.0,0.0,0.0,0.0,0.0,0.0,0.0,0.0,0.0
3,0.08101548314606742,0.08228993333333333,0.07538737931034482,0.10555834831460674,0.11705939325842696,0.08518051111111112,0.08380889130434782,0.07227423655913978,0.07328827472527472,0.07793861956521739,0.29666666666666663,0.3,0.29,0.29666666666666663,0.29666666666666663,0.3,0.30666666666666664,0.31,0.30333333333333334,0.30666666666666664,0.0,0.0,0.0,0.0,0.0,0.0,0.0,0.0,0.0,0.0,0.0,0.0,0.0,0.0,0.0,0.0,0.0,0.0,0.0,0.0,0.012215976189092585,0.0124202173962308,0.011150668729290936,0.015431530599107584,0.017260104596257028,0.012779426172161198,0.012942149766049908,0.011292122493374232,0.011300101516587027,0.012160929595959012,0.0,0.0,0.0,0.0,0.0,0.0,0.0,0.0,0.0,0.0,0.0,0.0,0.0,8.685393258426966e-06,0.00020793258426966293,0.00013832222222222223,0.0,0.0,0.0,0.0
4,0.08615805,0.07674902521008403,0.08165116806722689,0.10128855371900827,0.0797938275862069,0.07218219008264462,0.08109494354838709,0.07139660162601626,0.08272572881355933,0.07951560162601626,0.39999999999999997,0.39666666666666667,0.39666666666666667,0.4033333333333333,0.3866666666666667,0.4033333333333333,0.41333333333333333,0.41,0.3933333333333333,0.41,0.0,0.0,0.0,0.0,0.0,0.0,0.0,0.0,0.0,0.0,0.0,0.0,0.0,0.0,0.0,0.0,0.0,0.0,0.0,0.0,0.017188254002514912,0.01573247845198549,0.016109477735966674,0.020557933807317436,0.015630128519431997,0.01443586727880072,0.016506137936482212,0.014711938251658712,0.0163342359818094,0.016370542854783347,0.0,0.0,0.0,0.0,0.0,0.0,0.0,0.0,0.0,0.0,1.4558333333333334e-05,0.0,0.00010553781512605041,0.0,0.0,2.9710743801652894e-05,5.531451612903225e-05,0.0,5.425423728813559e-05,6.016260162601627e-07
5,0.08214509333333334,0.08005109722222221,0.10015529054054055,0.07658927814569537,0.07809558278145695,0.07422588235294117,0.0741004705882353,0.0883014193548387,0.07560827702702702,0.08044777631578948,0.5,0.48,0.4933333333333333,0.5033333333333333,0.5033333333333333,0.51,0.51,0.5166666666666666,0.4933333333333333,0.5066666666666666,0.0,0.0,0.0,0.0,0.0,0.0,0.0,0.0,0.0,0.0,0.0,0.0,0.0,0.0,0.0,0.0,0.0,0.0,0.0,0.0,0.020892570522942484,0.0194902965456425,0.024411907349464752,0.0193377822780205,0.019900802639297867,0.019169136103341974,0.018904091665500892,0.022349407186066934,0.01881049822484506,0.020666916714393566,0.0,0.0,0.006756756756756757,0.0,0.0,0.0,0.0,0.0,0.0,0.0,0.0,0.0,0.0001205,1.2973509933774835e-05,0.0,0.0,3.7e-05,1.6780645161290323e-05,0.0,9.944736842105263e-05
10,0.08230236148648648,0.08964254576271186,0.0782030505050505,0.08051741176470589,0.07716959595959595,0.07623434426229508,0.08340224918032786,0.09102868666666666,0.08243791610738255,0.0833731304347826,0.9866666666666666,0.9833333333333334,0.9900000000000001,1.02,0.9900000000000001,1.0166666666666668,1.0166666666666668,1.0,0.9933333333333333,0.9966666666666667,0.0,0.0,0.0,0.0,0.0,0.0,0.0,0.0,0.0,0.0,0.0,0.0,0.0,0.0,0.0,0.0,0.0,0.0,0.0,0.0,0.0405209653707366,0.04125401461283358,0.03872987841999402,0.03902018685423756,0.03725368273308276,0.038245273570930216,0.04085247177720608,0.04128604947068903,0.039039635864448995,0.04019313389922678,0.0033783783783783786,0.003389830508474576,0.003367003367003367,0.0032679738562091504,0.013468013468013467,0.003278688524590164,0.006557377049180328,0.016666666666666666,0.003355704697986577,0.016722408026755852,0.00016815878378378376,0.000267593220338983,7.63097643097643e-05,0.000154218954248366,0.0002186161616161616,0.00026368196721311476,0.0002730032786885246,0.00033924,0.00018594295302013425,0.0002562943143812709
15,0.0813358018018018,0.10261927964205818,0.07915730718954248,0.08448736689038032,0.09766970419426048,0.08295606040268456,0.08907806181015453,0.08060783849557522,0.08420782456140351,0.08040311453744495,1.48,1.49,1.53,1.49,1.51,1.49,1.51,1.5066666666666668,1.52,1.5133333333333334,0.0,0.0,0.0,0.0,0.0,0.0,0.0,0.0,0.0,0.0,0.0,0.0,0.0,0.0,0.0,0.0,0.0,0.0,0.0,0.0,0.0586881347246026,0.0665653948538918,0.057540065472406046,0.059309412798088657,0.06230503341389018,0.0594099235647457,0.06176079509660338,0.05590643690894136,0.05798584900063971,0.057968389155973986,0.009009009009009009,0.0044742729306487695,0.004357298474945534,0.011185682326621925,0.017660044150110375,0.0044742729306487695,0.019867549668874173,0.0420353982300885,0.015350877192982455,0.0022026431718061676,0.00026315765765765764,0.000246420581655481,0.0003084030501089325,0.000401165548098434,0.00023040397350993375,0.000193,0.00023467328918322294,0.0004795442477876106,0.0003263640350877193,0.0002138193832599119
30,0.09731739573991031,0.08590325412541254,0.09000025412541254,0.1017238053691275,0.09408841039823009,0.10270080000000001,0.10887464198895028,0.09728789333333332,0.11612970011025359,0.09415116684841876,2.9699999999999998,3.03,3.03,2.973333333333333,3.0133333333333336,2.9966666666666666,2.993333333333333,3.0,3.0066666666666664,3.0566666666666666,0.0033333333333333335,0.0,0.0,0.006666666666666667,0.0,0.0033333333333333335,0.023333333333333334,0.0,0.016666666666666666,0.0,0.0,0.0,0.0,0.0,0.0,0.0,0.0,0.0,0.0,0.0,0.12451284345756955,0.1172325396694858,0.11898815785909392,0.12113659503298527,0.11920644750184187,0.12245920585022847,0.11925708028083863,0.11799955950865706,0.1354962890152146,0.12203941609028207,0.016816143497757848,0.028602860286028604,0.047304730473047306,0.09395973154362416,0.09292035398230089,0.13444444444444445,0.06740331491712707,0.06,0.17199558985667035,0.06324972737186478,0.0003921188340807175,0.0005299163916391639,0.0005505544554455446,0.00100567225950783,0.0008620641592920354,0.0011985388888888888,0.0007638773480662984,0.0006676988888888888,0.0012894961411245866,0.0007363685932388222
45,0.10903482462686566,0.10974195051698671,0.11506221982116245,0.10943434564254062,0.11180296769456682,0.11004915503306394,0.09984484593023256,0.1092068987618354,0.11536548489314664,0.10929367450404115,4.453333333333334,4.493333333333333,4.443333333333333,4.503333333333333,4.51,4.516666666666667,4.58,4.556666666666667,4.5,4.5233333333333325,0.013333333333333334,0.02,0.03,0.01,0.03,0.02,0.006666666666666667,0.02,0.023333333333333334,0.013333333333333334,0.0,0.0,0.0,0.0,0.0,0.0,0.0,0.0,0.0,0.0,0.18482348588678083,0.17860451049417347,0.18041437237673985,0.17838590986188607,0.17346141330310189,0.18193305079511635,0.1798779648168568,0.18287683208010036,0.1913854471822734,0.18031240819092215,0.06492537313432836,0.241506646971935,0.184053651266766,0.22304283604135894,0.27386196769456683,0.17266715650257164,0.18313953488372092,0.15003641660597233,0.08327192336035372,0.2432035268185158,0.000823915671641791,0.0018057429837518464,0.0016135953800298062,0.00168159305760709,0.002037369309838473,0.0014428155767817782,0.0014813815406976743,0.001317326292789512,0.0009651009579955785,0.0019552799412196915
60,0.11880975501113586,0.1297705434903047,0.11977858125346644,0.12044096081677703,0.12915398296703295,0.1291708178807947,0.122839522172949,0.12922848451327434,0.11976404972375691,0.13287714837286266,5.966666666666667,5.95,5.956666666666667,5.98,6.013333333333333,5.97,5.986666666666666,5.953333333333334,5.963333333333334,5.993333333333333,0.02,0.06666666666666667,0.05333333333333334,0.06,0.05333333333333334,0.07,0.02666666666666667,0.07333333333333333,0.07,0.049999999999999996,0.0,0.0,0.0,0.0,0.0,0.0,0.0,0.0,0.0,0.0,0.2427827416766969,0.24039401966147048,0.2304472438673839,0.23178825129524736,0.25753178436511825,0.23781619882014565,0.2506161438516324,0.24231717953785809,0.23526642284819338,0.24866872717689809,0.21492204899777284,0.34570637119113573,0.3876871880199667,0.4166666666666667,0.3840659340659341,0.38355408388520973,0.3203991130820399,0.6023230088495575,0.4767955801104972,0.4230557087699945,0.0017036458797327393,0.002585715789473684,0.0026709828064337216,0.0031174906181015453,0.0029139483516483515,0.002723533664459161,0.002378695121951219,0.004386630530973452,0.0033029060773480663,0.003116458356315499
75,0.1373885580357143,0.12853127462289263,0.14094113209219858,0.14860824799643813,0.13543190215954165,0.15037896360408343,0.13605684222222222,0.15348726790450928,0.14272381741448245,0.1308838922261484,7.3933333333333335,7.4366666666666665,7.423333333333333,7.38,7.48,7.383333333333334,7.42,7.4399999999999995,7.41,7.49,0.07333333333333333,0.07666666666666666,0.09666666666666668,0.10666666666666667,0.08333333333333334,0.12666666666666665,0.08,0.09999999999999999,0.09333333333333334,0.056666666666666664,0.0,0.0,0.0,0.0,0.0,0.0,0.0,0.0,0.0,0.0,0.30475295698016935,0.3004301939428715,0.3021639039771453,0.30533161283697574,0.30153848197693545,0.30539582032054935,0.29808716581731204,0.31235317356014874,0.3021392236997438,0.29603914365624523,0.540625,0.7182786157941438,0.5523049645390071,0.6656277827248441,0.5495813133539004,0.6759875721260542,0.42977777777777776,0.6715296198054819,0.7441137272323411,0.6183745583038869,0.00395025,0.005239452085181899,0.00412261524822695,0.0046798650934995545,0.0038265204936095195,0.004706160230803374,0.003194795111111111,0.004597367374005306,0.005777874722345624,0.0043717831272084805
90,0.15356279530201342,0.14261857248794957,0.16234108748615725,0.15398238600368325,0.16736583376431474,0.15714736154417222,0.1543580331858407,0.1528708844295801,0.16524361177347244,0.15502724118738404,8.83,8.906666666666668,8.87,8.946666666666667,8.889999999999999,8.856666666666666,8.896666666666667,8.836666666666666,8.783333333333333,8.84,0.11,0.08333333333333334,0.16,0.10333333333333333,0.13333333333333333,0.12333333333333332,0.14333333333333334,0.13333333333333333,0.16333333333333333,0.14333333333333334,0.0,0.0,0.0,0.0,0.0,0.0,0.0,0.0,0.0,0.0,0.3643351036187225,0.36098196592040954,0.3550667826027245,0.37455056461192,0.3752146775907822,0.35889615974665245,0.37197950969763016,0.35571167894476213,0.35729377449452304,0.3609168290360525,0.8225205070842655,0.8869113830181683,0.9069767441860465,0.8674033149171271,0.8858514961211673,0.9123979213066072,0.907448377581121,0.8108509847640283,0.9750372578241431,0.7844155844155845,0.0056108583146905295,0.006292700778642937,0.006895096714654854,0.006315533701657459,0.006948404506834134,0.006862792130660727,0.006802466076696165,0.005873031586770717,0.007684803278688524,0.005784997773654916
105,0.172816188697318,0.18401805103668262,0.18088917903791016,0.17303917314375986,0.17258312531887754,0.1703978427712749,0.18480094256541163,0.1809164784,0.183219148524278,0.18224410028382212,10.276666666666666,10.223333333333333,10.273333333333333,10.376666666666667,10.26,10.346666666666668,10.26,10.200000000000001,10.303333333333333,10.356666666666667,0.16333333333333333,0.22666666666666666,0.19,0.1733333333333333,0.19333333333333336,0.19,0.18666666666666668,0.21666666666666667,0.19999999999999998,0.21333333333333335,0.0,0.0,0.0,0.0,0.0,0.0,0.0,0.0,0.0,0.0,0.4232173242705714,0.419588267735963,0.41367744402665174,0.42120032560106413,0.4134765284007362,0.4312204953379098,0.42581015517097154,0.421823274053569,0.42942431144487253,0.42856009024760827,1.1159003831417624,1.1527910685805423,1.210576616756929,1.1093206951026857,1.1610331632653061,1.1180006327111673,1.1046585832801532,1.15648,0.9260552205649001,1.0826237779880163,0.008230427203065134,0.00885438245614035,0.010141099076138898,0.00815352037914692,0.00945339732142857,0.008957099335653274,0.00834563848117422,0.008992702719999999,0.007225785782291335,0.008335464837590666
120,0.19700232634228187,0.20120120173232747,0.18588310996945293,0.20586316838010557,0.2010704283324038,0.19224793966480447,0.19466570304214345,0.18184253329618277,0.20205349916805324,0.20521836277777777,11.706666666666665,11.676666666666666,11.81,11.729999999999999,11.713333333333333,11.69,11.719999999999999,11.74,11.780000000000001,11.729999999999999,0.21333333333333335,0.2533333333333333,0.19333333333333336,0.26666666666666666,0.24,0.24333333333333332,0.22333333333333333,0.22333333333333333,0.24,0.27,0.0,0.0,0.0,0.0,0.0,0.0,0.0,0.0,0.0,0.0,0.48630848710194213,0.47783121782019733,0.49855149967059725,0.4948634751959649,0.47684269465034673,0.48656362139750786,0.47976822538428837,0.4852886911390958,0.49404404916029176,0.4842506324385932,1.3845078299776286,1.4160379994411847,1.345737295195779,1.4001111419838843,1.4743446737311767,1.2955307262569833,1.286352218811052,1.4235162998049595,1.3463671658347198,1.2238888888888888,0.01078574384787472,0.011814867560771165,0.010235683421271869,0.010799137260350096,0.0112776982710541,0.01018962932960894,0.009515664806028468,0.01050490749512399,0.010880308097615086,0.010241432777777778
135,0.21945890687250996,0.2181368993020937,0.2122587240187608,0.20846646270512184,0.2029804290306627,0.20948209358752168,0.22342536828963797,0.22301819528371408,0.2070200545229244,0.2294579411177645,13.11,13.043333333333333,13.23,13.153333333333334,13.21,13.190000000000001,13.020000000000001,13.25,13.216666666666667,13.043333333333333,0.27666666666666667,0.33,0.2733333333333334,0.2533333333333333,0.27,0.2733333333333334,0.33,0.32,0.23333333333333334,0.31666666666666665,0.0,0.0,0.0,0.0,0.0,0.0,0.0,0.0,0.0,0.0,0.5459205133624706,0.5336630002946376,0.5565169466039737,0.5410039677236871,0.5531387707138746,0.5502647080965639,0.5461128002983608,0.545933010925703,0.5503318410807534,0.5502374882567187,1.6391932270916334,1.577766699900299,1.4265613428783017,1.626553953257086,1.5712166172106825,1.558058925476603,1.6059925093632959,1.5514615573569148,1.5365551425030979,1.5893213572854292,0.013309314741035857,0.013606622133599203,0.010792844235991113,0.011954813276976629,0.012365710682492582,0.012190069076504086,0.013628716354556803,0.013550067796610171,0.011130957620817844,0.013540425648702593
150,0.23834617512348452,0.24788707663006948,0.24497480374665476,0.22888542917878718,0.25420260497981156,0.2511566591726619,0.2609598308379888,0.25070000854316543,0.2542636229138475,0.2502408048835125,14.52,14.516666666666666,14.59,14.576666666666668,14.506666666666666,14.466666666666667,14.5,14.47,14.403333333333332,14.526666666666666,0.32666666666666666,0.36,0.35666666666666663,0.32,0.35333333333333333,0.36,0.4166666666666667,0.35666666666666663,0.3766666666666667,0.35333333333333333,0.0,0.0,0.0,0.0,0.0,0.0,0.0,0.0,0.0,0.0,0.608278541773458,0.6010365075070856,0.613835996692798,0.599281731551853,0.6137066700767555,0.6035121596333708,0.6187720165450883,0.6123613287472588,0.6124664546488972,0.610299643383162,1.8888639425235743,1.9110463813578311,1.9023193577163247,1.7511747594540166,1.9134140870345446,1.798111510791367,1.8006703910614525,1.8122751798561152,1.8946774921064502,1.9572132616487454,0.01762452200269421,0.02054803764284114,0.017160214763603927,0.015049330051465653,0.019499492373261554,0.01768233857913669,0.020275617877094972,0.017576558678057554,0.02028083152909337,0.020944920698924733
165,0.26588125097395937,0.28600982753682486,0.26731375223395615,0.28249244990780575,0.278849838584288,0.2765855708435709,0.2780556343147208,0.2741272746060978,0.2736538693344222,0.2726905183448838,15.883333333333335,15.826666666666666,15.996666666666666,15.816666666666666,15.846666666666666,15.816666666666666,15.953333333333331,15.853333333333333,15.886666666666668,15.9,0.37333333333333335,0.4666666666666667,0.4166666666666667,0.4533333333333333,0.44666666666666666,0.4633333333333333,0.4633333333333333,0.4366666666666667,0.44,0.4533333333333333,0.0,0.0,0.0,0.0,0.0,0.0,0.0,0.0,0.0,0.0,0.6689645525185289,0.657918986938783,0.6642372618695671,0.6607365453803911,0.6762643387869312,0.6625619432883959,0.6756381062038099,0.6462670096258643,0.665578626242172,0.6636191449662696,2.185564896452737,2.113134206219313,2.1425670186839967,2.150174144642491,2.203559738134206,2.1404586404586405,2.1811167512690357,2.247391037446286,2.2574520212331564,2.1247452099470037,0.024238976214886198,0.031735356587561374,0.023830404955320877,0.030333320426142184,0.02222646583469722,0.02438936158886159,0.028178819695431474,0.030455364640883976,0.024894899346672113,0.02666351182225846
180,0.31423112766358663,0.30877774093556265,0.3237085757121439,0.3150594788653015,0.32056750941619583,0.3404614438823309,0.320763953724605,0.3192160632194754,0.30439108229988726,0.2986847220759684,17.17,17.240000000000002,17.23,17.173333333333336,17.083333333333332,17.17666666666667,17.226666666666667,17.11,17.16333333333333,17.226666666666667,0.5066666666666666,0.5033333333333333,0.5566666666666668,0.5700000000000001,0.6166666666666667,0.6133333333333333,0.4933333333333333,0.5533333333333333,0.5766666666666667,0.5,0.0,0.0,0.0,0.0,0.0,0.0,0.0,0.0,0.0,0.0,0.730677945086329,0.7104318578776805,0.7324257043416974,0.7322047183648462,0.7285803431519291,0.7400131947556867,0.7390778863191254,0.725525131951036,0.7255128719658781,0.7197035326503348,2.389967942673958,2.4213789216607178,2.5275487256371814,2.500281795979711,2.331638418079096,2.344388233089751,2.4531602708803613,2.4580109454614076,2.48684704998121,2.4161338849191427,0.030335116160663776,0.032463198572233704,0.033994913418290855,0.0317996639113282,0.025731398493408664,0.03285655649241147,0.02990831038374718,0.031135313644083788,0.02886527583615182,0.02984215212485897
195,0.3899619661581624,0.3200386953653879,0.35866955891553703,0.3755931790316963,0.39648327387640453,0.3632563724197745,0.35414962693579255,0.3751955848595849,0.3685380487041225,0.349958567553469,18.26,18.55666666666667,18.51,18.386666666666667,18.163333333333334,18.516666666666666,18.486666666666668,18.419999999999998,18.450000000000003,18.523333333333333,0.75,0.6466666666666667,0.67,0.7533333333333334,0.8233333333333334,0.7,0.67,0.69,0.7133333333333333,0.6466666666666667,0.0,0.0,0.0,0.0,0.0,0.0,0.0,0.0,0.0,0.0,0.7914856927771186,0.7715813742121347,0.7892111823312993,0.7994054250508787,0.7862432396598606,0.7860504625351052,0.7744378592334082,0.7999665315679643,0.7907043872881612,0.7843937561689063,2.6861301069612487,2.6396458948099286,2.7796315606534585,2.752176941832114,2.629740168539326,2.6784041630529054,2.7496084913868106,2.7191697191697193,2.6251522003826753,2.740392975134759,0.03865380939856216,0.035038739628536715,0.038158820472714634,0.03769823075583421,0.03941181601123595,0.04981057502168257,0.04142940734296154,0.03703561137275423,0.04167835832318664,0.04169815927664754
210,0.4629287559416489,0.4196429978827361,0.44853323481384716,0.45257096327729723,0.47062871041837573,0.44828069670653775,0.5120658837247496,0.45804381636987423,0.5127857719008264,0.4248675139728714,19.31,19.55,19.41,19.476666666666667,19.276666666666667,19.32,19.03333333333333,19.296666666666667,18.816666666666666,19.43,1.0266666666666666,0.9166666666666666,1.0033333333333334,0.9466666666666667,1.04,1.0233333333333334,1.2633333333333332,1.1066666666666667,1.35,0.9666666666666666,0.0,0.0,0.0,0.0,0.0,0.0,0.0,0.0,0.0,0.0,0.8451263592783582,0.8376292129551908,0.8491062224569311,0.8587541498354586,0.86083009558454,0.8479517089040962,0.8663103048242593,0.8498250996139296,0.8640931067150878,0.8463412754551582,2.970332732338961,3.1685667752442996,3.0148595689092095,3.029051738207932,3.020836751435603,3.0077011305915122,3.0510757102972574,3.1016173827805913,3.0385123966942147,2.8942637685896386,0.04691267366005573,0.04733872312703583,0.046777430927498365,0.04742887285784234,0.05159573256767842,0.04639074586269048,0.05356910724256856,0.048585831236726024,0.04983449504132231,0.037978749795718254
225,0.5952330705207688,0.5412854608039428,0.5795050935618342,0.5535819275808938,0.6976263060710916,0.5468877491166079,0.6237413738634612,0.6080379330350255,0.5865538949074075,0.5791471130555986,19.803333333333335,20.176666666666666,19.85,20.186666666666667,19.080000000000002,20.293333333333333,19.726666666666667,19.893333333333334,20.073333333333334,19.98333333333333,1.7033333333333334,1.4666666666666666,1.74,1.4466666666666665,2.1133333333333333,1.4033333333333333,1.9033333333333333,1.71,1.5266666666666668,1.54,0.0,0.0,0.0,0.0,0.0,0.0,0.0,0.0,0.0,0.0,0.8937629704940545,0.889840836517679,0.9028890033672121,0.903679765491901,0.9103798696962324,0.9135717506809142,0.9186756908752465,0.8963302423827331,0.9061532288428228,0.8913034993962088,3.264104153750775,3.282304019713538,3.2616952292728114,3.31386748844376,3.412079270210758,3.4045168228606544,3.2565880721220526,3.4314149051072365,3.155246913580247,3.356976924268236,0.05576275557966522,0.0592592821500077,0.055738489269723634,0.05325689414483821,0.0598475979867883,0.061895129973882315,0.056301199260286636,0.06646055238389138,0.05386895308641975,0.06081374260492489
240,0.7673323892498523,0.7576924280892281,0.836462176383326,0.8445665939078753,0.8082871337192045,0.7721461074697372,0.7686270366985998,0.7794242939617084,0.7396002485726834,0.7474040082268253,19.956666666666667,20.35,19.64333333333333,19.619999999999997,19.836666666666666,19.89,19.976666666666667,20.01666666666667,20.316666666666666,20.243333333333332,2.6166666666666663,2.3633333333333333,2.8266666666666667,2.813333333333333,2.6233333333333335,2.69,2.64,2.6166666666666663,2.453333333333333,2.4466666666666668,0.0,0.0,0.0,0.0,0.0,0.0,0.0,0.0,0.0,0.0,0.9417003197653744,0.9566799269647508,0.9547148734349137,0.9533799244969772,0.9476692098783128,0.9485081535172828,0.9463972952706268,0.9500398055780022,0.9426013627885824,0.9419044271788022,3.607058476077968,3.6247431758144995,3.5911585818127874,3.499554234769688,3.699317304838231,3.6904340124003543,3.5837877671333827,3.564212076583211,3.7102913189869713,3.663875422359336,0.06655977392203188,0.06949333621954798,0.07331148449784898,0.07256573001485885,0.07691149673493618,0.06661126867434308,0.06463984450994842,0.07010633328424153,0.061136973210364515,0.07184976759218452
255,1.0786780844323396,1.2171082103289093,1.2457687919803127,1.209577102826651,1.1060397093490106,0.9697093582510578,1.1814890841148462,1.0322984291790727,1.091385611166643,1.0982103306256235,19.02,18.12666666666667,18.05,18.236666666666668,18.933333333333334,19.833333333333332,18.206666666666667,19.486666666666668,19.12,19.049999999999997,4.233333333333333,4.9799999999999995,4.976666666666667,4.876666666666667,4.3133333333333335,3.8,4.8966666666666665,4.023333333333333,4.223333333333334,4.34,0.0,0.0,0.0,0.0,0.0,0.0,0.0,0.0,0.0,0.0,0.9766354729299689,0.9800505986064416,0.9827930352704439,0.979684694630474,0.9767742193273626,0.9758168239701579,0.9794407289389352,0.9800257333349229,0.9762116533012795,0.9779748292422675,4.074684633027523,4.17469705712637,4.052837290098436,4.134842803576579,4.242041869802122,4.069675599435825,4.195209926417545,3.958882744931235,3.908610595459089,4.041613225024939,0.07889400874426605,0.09167929342181189,0.09594028054429647,0.08617480199019326,0.09271645899053628,0.07271502059238363,0.07886002207473668,0.08274222812987381,0.08981653734113951,0.08741148439504062
270,1.5417821175725148,1.6849242250817573,1.5436154981439176,1.7059982246263345,1.5984613460992907,1.4499421839762612,1.6653280597206384,2.0098831938879953,1.5161029872101193,1.4066598451302377,16.953333333333333,16.183333333333334,16.753333333333334,15.943333333333333,16.69,17.396666666666665,16.346666666666668,14.559999999999999,17.073333333333334,17.55666666666667,6.72,7.26,6.593333333333334,7.473333333333334,6.81,6.193333333333333,7.04,8.236666666666666,6.643333333333333,5.99,0.0,0.0,0.0,0.0,0.0033333333333333335,0.0033333333333333335,0.0033333333333333335,0.0,0.0,0.01,0.9954380642863481,0.9946989086625955,0.9951643415096263,0.9976758087062259,0.9940214320299088,0.9933952383094939,0.9961365641561291,0.9982259901090714,0.9940067418487235,0.9899310084855475,4.526330611095466,4.630456419735532,4.453026841804683,4.613950177935943,4.5600624024961,4.437411698219836,4.5274333760866465,4.462640736949846,4.450456781447646,4.522569690108957,0.0931011952970994,0.097554867624058,0.10132276370645345,0.10220043003558718,0.10151641858156028,0.09111987240356083,0.08962803292474344,0.1040770229565726,0.086286404075896,0.10180350353907135
285,1.7477009915552428,1.7613966878254752,1.6523090944015997,1.8963978117137266,1.6917667870593232,1.687293787741203,2.0122787310841335,2.342842163167104,1.9895833636363636,1.8728718746849622,16.099999999999998,15.760000000000002,16.3,15.463333333333335,16.233333333333334,16.06,14.87,13.23,14.616666666666667,15.593333333333332,7.583333333333333,7.923333333333333,7.04,8.383333333333333,7.3100000000000005,7.433333333333333,8.743333333333334,9.629999999999999,8.74,8.213333333333333,0.013333333333333334,0.02,0.02666666666666667,0.006666666666666667,0.023333333333333334,0.016666666666666666,0.006666666666666667,0.013333333333333334,0.01,0.016666666666666666,0.9955208597570311,0.9978040510285487,0.9954731358393522,0.9979544330605878,0.9950484530797439,0.9957931928191038,0.9991715142861055,0.9991552965499185,0.9999992816992929,0.9980198047201488,4.716415810943874,4.643650682041907,4.634950071326676,4.802263834544438,4.678925035360679,4.5791861619169145,4.822749082698278,4.843194403963859,4.797432239657632,4.760878690359592,0.09688679085151303,0.09436617410274456,0.11052078006283919,0.09100633491752866,0.10172290414837888,0.09634037400681043,0.10507205547713157,0.08958373534558181,0.09535413743399458,0.12125433898067768
300,2.191635507738607,1.612163625560538,1.750781693417367,2.1843710115105868,1.3766382555209513,1.8022211301331068,1.6658387158655892,2.4526856399589865,1.3906178076652107,1.9581424871362294,14.18,16.576666666666668,16.276666666666667,14.013333333333334,17.689999999999998,15.573333333333332,16.356666666666666,12.816666666666666,17.726666666666667,15.113333333333333,9.08,7.21,7.523333333333333,9.443333333333333,5.8566666666666665,7.966666666666666,7.153333333333333,9.94,5.93,8.596666666666668,0.01,0.03666666666666667,0.04333333333333333,0.03333333333333333,0.04333333333333333,0.049999999999999996,0.04666666666666667,0.023333333333333334,0.06333333333333332,0.023333333333333334,0.9994150906602304,0.994444423074925,0.9975575657577199,0.9991786211045263,0.9864579885066993,0.9972295690460793,0.9976325137696789,0.9998864207454512,0.9938018961468407,0.9975243853879825,4.947571981091534,4.665034280117532,4.780931077869425,4.976443876827019,4.534265931892045,4.694644623428006,4.674119145323334,5.068773778167984,4.541877459246768,4.8004213483146065,0.10566967512181141,0.0934403091367713,0.1089774537815126,0.09541722452749751,0.09624303227633069,0.10240383673180403,0.10375507812278463,0.10712889424344514,0.08361047682119206,0.09146567692956559
