Timestamp,CPU_0_FREQ,CPU_1_FREQ
91497,1000000,1000000
91497,1000000,1000000
91497,1000000,1000000
95969,1000000,1000000
95969,1000000,1000000
95969,1000000,1000000
97936,1000000,1000000
111497,1000000,1000000
111497,1000000,1000000
111497,1000000,1000000
115969,1000000,1000000
115969,1000000,1000000
131497,1000000,1000000
131497,1000000,1000000
132497,1000000,1000000
135969,1000000,1000000
135969,1000000,1000000
152497,1000000,1000000
153497,1000000,1000000
155969,1000000,1000000
155969,1000000,1000000
168689,1000000,1000000
173497,1000000,1000000
174497,1000000,1000000
174497,1000000,1000000
175969,1000000,1000000
175969,1000000,1000000
194497,1000000,1000000
195497,1000000,1000000
195969,1000000,1000000
195969,1000000,1000000
195969,1000000,1000000
215497,1000000,1000000
215969,1000000,1000000
215969,1000000,1000000
216497,1000000,1000000
235969,1000000,1000000
235969,1000000,1000000
236497,1000000,1000000
237497,1000000,1000000
255969,1000000,1000000
255969,1000000,1000000
257497,1000000,1000000
258497,1000000,1000000
275969,1000000,1000000
275969,1000000,1000000
278497,1000000,1000000
279497,1000000,1000000
286635,1000000,1000000
299497,1000000,1000000
300497,1000000,1000000
320497,1000000,1000000
321497,1000000,1000000
332453,1000000,1000000
333453,1000000,1000000
353453,1000000,1000000
354453,1000000,1000000
374453,1000000,1000000
375453,1000000,1000000
392215,1000000,1000000
392215,1000000,1000000
412215,1000000,1000000
412215,1000000,1000000
432215,1000000,1000000
432215,1000000,1000000
452215,1000000,1000000
452215,1000000,1000000
472215,1000000,1000000
472215,1000000,1000000
492215,1000000,1000000
492215,1000000,1000000
512215,1000000,1000000
512215,1000000,1000000
532215,1000000,1000000
532215,1000000,1000000
552215,1000000,1000000
552215,1000000,1000000
572215,1000000,1000000
572215,1000000,1000000
587601,1000000,1000000
9040775,1000000,1000000
9040775,1000000,1000000
9040775,1000000,1000000
9060775,1000000,1000000
9061775,1000000,1000000
9081775,1000000,1000000
9081775,1000000,1000000
9101775,1000000,1000000
9101775,1000000,1000000
9121775,1000000,1000000
9121775,1000000,1000000
9141775,1000000,1000000
9141775,1000000,1000000
9141798,1000000,1000000
9823187,1000000,1000000
9823187,1000000,1000000
9823187,1000000,1000000
9843187,1000000,1000000
9844187,1000000,1000000
9864187,1000000,1000000
9864187,1000000,1000000
9868976,1000000,1000000
9901710,1000000,1000000
9901710,1000000,1000000
9901710,1000000,1000000
9921710,1000000,1000000
9921710,1000000,1000000
9928082,1000000,1000000
12466476,1000000,1000000
12466476,1000000,1000000
12466476,1000000,1000000
12486476,1000000,1000000
12487476,1000000,1000000
12507476,1000000,1000000
12507476,1000000,1000000
12527476,1000000,1000000
12527476,1000000,1000000
12545736,1000000,1000000
18860091,1000000,1000000
18860091,1000000,1000000
18860091,1000000,1000000
18880091,1000000,1000000
18881091,1000000,1000000
18901091,1000000,1000000
18901091,1000000,1000000
18921091,1000000,1000000
18921091,1000000,1000000
18941091,1000000,1000000
18941091,1000000,1000000
18961091,1000000,1000000
18961091,1000000,1000000
18981091,1000000,1000000
18981091,1000000,1000000
19001091,1000000,1000000
19001091,1000000,1000000
19021091,1000000,1000000
19021091,1000000,1000000
19041091,1000000,1000000
19041091,1000000,1000000
19061091,1000000,1000000
19061091,1000000,1000000
19081091,1000000,1000000
19081091,1000000,1000000
19101091,1000000,1000000
19101091,1000000,1000000
19121091,1000000,1000000
19121091,1000000,1000000
19141091,1000000,1000000
19141091,1000000,1000000
19161091,1000000,1000000
19161091,1000000,1000000
19181091,1000000,1000000
19181091,1000000,1000000
19201091,1000000,1000000
19201091,1000000,1000000
19221091,1000000,1000000
19221091,1000000,1000000
19241091,1000000,1000000
19241091,1000000,1000000
19261091,1000000,1000000
19261091,1000000,1000000
19281091,1000000,1000000
19281091,1000000,1000000
19301091,1000000,1000000
19301091,1000000,1000000
19321091,1000000,1000000
19321091,1000000,1000000
19341091,1000000,1000000
19341091,1000000,1000000
19361091,1000000,1000000
19361091,1000000,1000000
19381091,1000000,1000000
19381091,1000000,1000000
19401091,1000000,1000000
19401091,1000000,1000000
19421091,1000000,1000000
19421091,1000000,1000000
19441091,1000000,1000000
19441091,1000000,1000000
19461091,1000000,1000000
19461091,1000000,1000000
19481091,1000000,1000000
19481091,1000000,1000000
19501091,1000000,1000000
19501091,1000000,1000000
19521091,1000000,1000000
19521091,1000000,1000000
19541091,1000000,1000000
19541091,1000000,1000000
19561091,1000000,1000000
19561091,1000000,1000000
19581091,1000000,1000000
19581091,1000000,1000000
19601091,1000000,1000000
19601091,1000000,1000000
19621091,1000000,1000000
19621091,1000000,1000000
19641091,1000000,1000000
19641091,1000000,1000000
19661091,1000000,1000000
19661091,1000000,1000000
19681091,1000000,1000000
19681091,1000000,1000000
19701091,1000000,1000000
19701091,1000000,1000000
19721091,1000000,1000000
19721091,1000000,1000000
19741091,1000000,1000000
19741091,1000000,1000000
19761091,1000000,1000000
19761091,1000000,1000000
19781091,1000000,1000000
19781091,1000000,1000000
19801091,1000000,1000000
19801091,1000000,1000000
19821091,1000000,1000000
19821091,1000000,1000000
19841091,1000000,1000000
19841091,1000000,1000000
19861091,1000000,1000000
19861091,1000000,1000000
19881091,1000000,1000000
19881091,1000000,1000000
19901091,1000000,1000000
19901257,6000000,1000000
19903197,6000000,1000000
22637563,6000000,1000000
22637563,6000000,1000000
22637563,6000000,1000000
22657563,6000000,1000000
22658563,6000000,1000000
22678563,6000000,1000000
22678563,6000000,1000000
22698563,6000000,1000000
22698563,6000000,1000000
22718563,6000000,1000000
22718563,6000000,1000000
22738563,6000000,1000000
22738563,6000000,1000000
22758563,6000000,1000000
22758563,6000000,1000000
22778563,6000000,1000000
22778563,6000000,1000000
22798563,6000000,1000000
22798563,6000000,1000000
22818563,6000000,1000000
22818563,6000000,1000000
22838563,6000000,1000000
22838563,6000000,1000000
22858563,6000000,1000000
22858563,6000000,1000000
22878563,6000000,1000000
22878563,6000000,1000000
22898563,6000000,1000000
22898563,6000000,1000000
22918563,6000000,1000000
22918563,6000000,1000000
22938563,6000000,1000000
22938563,6000000,1000000
22958563,6000000,1000000
22958563,6000000,1000000
22978563,6000000,1000000
22978563,6000000,1000000
22998563,6000000,1000000
22998563,6000000,1000000
23018563,6000000,1000000
23018563,6000000,1000000
23038563,6000000,1000000
23038563,6000000,1000000
23058563,6000000,1000000
23058563,6000000,1000000
23078563,6000000,1000000
23078563,6000000,1000000
23090682,6000000,1000000
23738172,6000000,1000000
23738172,6000000,1000000
23738172,6000000,1000000
23741505,6000000,1000000
23742505,1000000,1000000
23762505,1000000,1000000
23762505,1000000,1000000
23782505,1000000,1000000
23782505,1000000,1000000
23802505,1000000,1000000
23802505,1000000,1000000
23821173,1000000,1000000
24522385,1000000,1000000
24522385,1000000,1000000
24522385,1000000,1000000
24542385,1000000,1000000
24542940,1000000,1800006.847780735
24554051,1000000,1800006.847780735
24554051,1000000,1800006.847780735
24565162,1000000,1800006.847780735
24565162,1000000,1800006.847780735
24576273,1000000,1800006.847780735
24576273,1000000,1800006.847780735
24587384,1000000,1800006.847780735
24587384,1000000,1800006.847780735
24598495,1000000,1800006.847780735
24598495,1000000,1800006.847780735
24609606,1000000,1800006.847780735
24609606,1000000,1800006.847780735
24620717,1000000,1800006.847780735
24620717,1000000,1800006.847780735
24631828,1000000,1800006.847780735
24631828,1000000,1800006.847780735
24642939,1000000,1800006.847780735
24642939,1000000,1800006.847780735
24654050,1000000,1800006.847780735
24654050,1000000,1800006.847780735
24665161,1000000,1800006.847780735
24665161,1000000,1800006.847780735
24676272,1000000,1800006.847780735
24676272,1000000,1800006.847780735
24687383,1000000,1800006.847780735
24687383,1000000,1800006.847780735
24698494,1000000,1800006.847780735
24698494,1000000,1800006.847780735
24709605,1000000,1800006.847780735
24709605,1000000,1800006.847780735
24720716,1000000,1800006.847780735
24720716,1000000,1800006.847780735
24731827,1000000,1800006.847780735
24731827,1000000,1800006.847780735
24735999,1000000,1800006.847780735
29628644,1000000,1800006.847780735
29628644,1000000,1800006.847780735
29628644,1000000,1800006.847780735
29648644,1000000,1800006.847780735
29649644,1000000,1800006.847780735
29669644,1000000,1800006.847780735
29669644,1000000,1800006.847780735
29689644,1000000,1800006.847780735
29689644,1000000,1800006.847780735
29709644,1000000,1800006.847780735
29709644,1000000,1800006.847780735
29729644,1000000,1800006.847780735
29729644,1000000,1800006.847780735
29749644,1000000,1800006.847780735
29749644,1000000,1800006.847780735
29769644,1000000,1800006.847780735
29769644,1000000,1800006.847780735
29789644,1000000,1800006.847780735
29789644,1000000,1800006.847780735
29809644,1000000,1800006.847780735
29809644,1000000,1800006.847780735
29829644,1000000,1800006.847780735
29829644,1000000,1800006.847780735
29849644,1000000,1800006.847780735
29849644,1000000,1800006.847780735
29869644,1000000,1800006.847780735
29869644,1000000,1800006.847780735
29876138,1000000,1800006.847780735
31934322,1000000,1800006.847780735
31934322,1000000,1800006.847780735
31934322,1000000,1800006.847780735
31935379,1000000,1800006.847780735
32038045,1000000,1000000
32038045,1000000,1000000
32038045,1000000,1000000
32058045,1000000,1000000
32059045,1000000,1000000
32079045,1000000,1000000
32079045,1000000,1000000
32079193,1000000,1000000
33057030,1000000,1000000
33057030,1000000,1000000
33057030,1000000,1000000
33077030,1000000,1000000
33078030,1000000,1000000
33098030,1000000,1000000
33098030,1000000,1000000
33118030,1000000,1000000
33118030,1000000,1000000
33138030,1000000,1000000
33138030,1000000,1000000
33158030,1000000,1000000
33158030,1000000,1000000
33176050,1000000,1000000
40154633,1000000,1000000
40154633,1000000,1000000
40154633,1000000,1000000
40174633,1000000,1000000
40175633,1000000,1000000
40195633,1000000,1000000
40195633,1000000,1000000
40215633,1000000,1000000
40215633,1000000,1000000
40229926,1000000,1000000
40229926,1000000,1000000
40229926,1000000,1000000
40235633,1000000,1000000
40235633,1000000,1000000
40249926,1000000,1000000
40250926,1000000,1000000
40255633,1000000,1000000
40255633,1000000,1000000
40270926,1000000,1000000
40270926,1000000,1000000
40275633,1000000,1000000
40275633,1000000,1000000
40290926,1000000,1000000
40290926,1000000,1000000
40295633,1000000,1000000
40295633,1000000,1000000
40310926,1000000,1000000
40310926,1000000,1000000
40315633,1000000,1000000
40315633,1000000,1000000
40317098,1000000,1000000
40330926,1000000,1000000
40330926,1000000,1000000
40350926,1000000,1000000
40350926,1000000,1000000
40370926,1000000,1000000
40370926,1000000,1000000
40390926,1000000,1000000
40390926,1000000,1000000
40410926,1000000,1000000
40410926,1000000,1000000
40430926,1000000,1000000
40430926,1000000,1000000
40450926,1000000,1000000
40450926,1000000,1000000
40470926,1000000,1000000
40470926,1000000,1000000
40490926,1000000,1000000
40490926,1000000,1000000
40510926,1000000,1000000
40510926,1000000,1000000
40530926,1000000,1000000
40530926,1000000,1000000
40550926,1000000,1000000
40550926,1000000,1000000
40570926,1000000,1000000
40570926,1000000,1000000
40590926,1000000,1000000
40590926,1000000,1000000
40610926,1000000,1000000
40610926,1000000,1000000
40630926,1000000,1000000
40630926,1000000,1000000
40650926,1000000,1000000
40650926,1000000,1000000
40670926,1000000,1000000
40670926,1000000,1000000
40690926,1000000,1000000
40690926,1000000,1000000
40710926,1000000,1000000
40710926,1000000,1000000
40730926,1000000,1000000
40730926,1000000,1000000
40750926,1000000,1000000
40750926,1000000,1000000
40770926,1000000,1000000
40770926,1000000,1000000
40790926,1000000,1000000
40790926,1000000,1000000
40810926,1000000,1000000
40810926,1000000,1000000
40830926,1000000,1000000
40830926,1000000,1000000
40850926,1000000,1000000
40850926,1000000,1000000
40870926,1000000,1000000
40870926,1000000,1000000
40890926,1000000,1000000
40890926,1000000,1000000
40910926,1000000,1000000
40910926,1000000,1000000
40930926,1000000,1000000
40930926,1000000,1000000
40950926,1000000,1000000
40950926,1000000,1000000
40970926,1000000,1000000
40970926,1000000,1000000
40990926,1000000,1000000
40990926,1000000,1000000
41007859,1000000,1000000
41468956,1000000,1000000
41468956,1000000,1000000
41468956,1000000,1000000
41488956,1000000,1000000
41489956,1000000,1000000
41509956,1000000,1000000
41509956,1000000,1000000
41529956,1000000,1000000
41529956,1000000,1000000
41549956,1000000,1000000
41549956,1000000,1000000
41569956,1000000,1000000
41569956,1000000,1000000
41589956,1000000,1000000
41589956,1000000,1000000
41609956,1000000,1000000
41609956,1000000,1000000
41629956,1000000,1000000
41629956,1000000,1000000
41649956,1000000,1000000
41649956,1000000,1000000
41669956,1000000,1000000
41669956,1000000,1000000
41689956,1000000,1000000
41689956,1000000,1000000
41709956,1000000,1000000
41709956,1000000,1000000
41729956,1000000,1000000
41729956,1000000,1000000
41749956,1000000,1000000
41749956,1000000,1000000
41769956,1000000,1000000
41769956,1000000,1000000
41789956,1000000,1000000
41789956,1000000,1000000
41809956,1000000,1000000
41809956,1000000,1000000
41829956,1000000,1000000
41829956,1000000,1000000
41849956,1000000,1000000
41849956,1000000,1000000
41869956,1000000,1000000
41869956,1000000,1000000
41889956,1000000,1000000
41889956,1000000,1000000
41909956,1000000,1000000
41909956,1000000,1000000
41929956,1000000,1000000
41929956,1000000,1000000
41949956,1000000,1000000
41949956,1000000,1000000
41969956,1000000,1000000
41969956,1000000,1000000
41989956,1000000,1000000
41989956,1000000,1000000
42009956,1000000,1000000
42009956,1000000,1000000
42029956,1000000,1000000
42029956,1000000,1000000
42049956,1000000,1000000
42049956,1000000,1000000
42051827,1000000,1000000
43408688,1000000,1000000
43408688,1000000,1000000
43408688,1000000,1000000
43428688,1000000,1000000
43429233,1000000,1833679.6462416002
43440140,1000000,1833679.6462416002
43440140,1000000,1833679.6462416002
43451047,1000000,1833679.6462416002
43451047,1000000,1833679.6462416002
43461954,1000000,1833679.6462416002
43461954,1000000,1833679.6462416002
43472861,1000000,1833679.6462416002
43472861,1000000,1833679.6462416002
43483768,1000000,1833679.6462416002
43483768,1000000,1833679.6462416002
43494675,1000000,1833679.6462416002
43494675,1000000,1833679.6462416002
43499688,1000000,1833679.6462416002
49504934,1000000,1833679.6462416002
49504934,1000000,1833679.6462416002
49504934,1000000,1833679.6462416002
49524934,1000000,1833679.6462416002
49525934,1000000,1833679.6462416002
49545934,1000000,1833679.6462416002
49545934,1000000,1833679.6462416002
49565934,1000000,1833679.6462416002
49565934,1000000,1833679.6462416002
49585934,1000000,1833679.6462416002
49585934,1000000,1833679.6462416002
49605934,1000000,1833679.6462416002
49605934,1000000,1833679.6462416002
49625934,1000000,1833679.6462416002
49625934,1000000,1833679.6462416002
49645934,1000000,1833679.6462416002
49645934,1000000,1833679.6462416002
49665934,1000000,1833679.6462416002
49665934,1000000,1833679.6462416002
49684063,1000000,1833679.6462416002
51834121,1000000,1833679.6462416002
51834121,1000000,1833679.6462416002
51834121,1000000,1833679.6462416002
51845028,1000000,1833679.6462416002
51846028,1000000,1000000
51866028,1000000,1000000
51866028,1000000,1000000
51868125,1000000,1000000
51868125,1000000,1000000
51868125,1000000,1000000
51886028,1000000,1000000
51886028,1000000,1000000
51888125,1000000,1000000
51889125,1000000,1000000
51893036,1000000,1000000
51906028,1000000,1000000
51906028,1000000,1000000
51926028,1000000,1000000
51926028,1000000,1000000
51946028,1000000,1000000
51946028,1000000,1000000
51966028,1000000,1000000
51966028,1000000,1000000
51986028,1000000,1000000
51986028,1000000,1000000
52006028,1000000,1000000
52006028,1000000,1000000
52026028,1000000,1000000
52026028,1000000,1000000
52046028,1000000,1000000
52046028,1000000,1000000
52066028,1000000,1000000
52066028,1000000,1000000
52086028,1000000,1000000
52086028,1000000,1000000
52106028,1000000,1000000
52106028,1000000,1000000
52126028,1000000,1000000
52126028,1000000,1000000
52146028,1000000,1000000
52146028,1000000,1000000
52166028,1000000,1000000
52166028,1000000,1000000
52186028,1000000,1000000
52186028,1000000,1000000
52206028,1000000,1000000
52206028,1000000,1000000
52226028,1000000,1000000
52226028,1000000,1000000
52246028,1000000,1000000
52246028,1000000,1000000
52266028,1000000,1000000
52266028,1000000,1000000
52286028,1000000,1000000
52286028,1000000,1000000
52306028,1000000,1000000
52306028,1000000,1000000
52326028,1000000,1000000
52326028,1000000,1000000
52346028,1000000,1000000
52346028,1000000,1000000
52366028,1000000,1000000
52366028,1000000,1000000
52386028,1000000,1000000
52386028,1000000,1000000
52406028,1000000,1000000
52406028,1000000,1000000
52426028,1000000,1000000
52426028,1000000,1000000
52446028,1000000,1000000
52446028,1000000,1000000
52466028,1000000,1000000
52466028,1000000,1000000
52486028,1000000,1000000
52486028,1000000,1000000
52506028,1000000,1000000
52506028,1000000,1000000
52526028,1000000,1000000
52526028,1000000,1000000
52546028,1000000,1000000
52546028,1000000,1000000
52566028,1000000,1000000
52566028,1000000,1000000
52586028,1000000,1000000
52586028,1000000,1000000
52606028,1000000,1000000
52606028,1000000,1000000
52626028,1000000,1000000
52626028,1000000,1000000
52646028,1000000,1000000
52646028,1000000,1000000
52666028,1000000,1000000
52666028,1000000,1000000
52686028,1000000,1000000
52686028,1000000,1000000
52706028,1000000,1000000
52706028,1000000,1000000
52726028,1000000,1000000
52726028,1000000,1000000
52746028,1000000,1000000
52746028,1000000,1000000
52766028,1000000,1000000
52766028,1000000,1000000
52786028,1000000,1000000
52786028,1000000,1000000
52806028,1000000,1000000
52806028,1000000,1000000
52826028,1000000,1000000
52826028,1000000,1000000
52846028,1000000,1000000
52846028,1000000,1000000
52866028,1000000,1000000
52866194,1000000,6000000
52869527,1000000,6000000
52869527,1000000,6000000
52872860,1000000,6000000
52872860,1000000,6000000
52876193,1000000,6000000
52876193,1000000,6000000
52879526,1000000,6000000
52879526,1000000,6000000
52882859,1000000,6000000
52882859,1000000,6000000
52886192,1000000,6000000
52886192,1000000,6000000
52889525,1000000,6000000
52889525,1000000,6000000
52892858,1000000,6000000
52892858,1000000,6000000
52896191,1000000,6000000
52896191,1000000,6000000
52899524,1000000,6000000
52899524,1000000,6000000
52902857,1000000,6000000
52902857,1000000,6000000
52906190,1000000,6000000
52906190,1000000,6000000
52909523,1000000,6000000
52909523,1000000,6000000
52912557,1000000,6000000
54955361,1000000,6000000
54955361,1000000,6000000
54955361,1000000,6000000
54958694,1000000,6000000
54959694,1000000,1000000
54964299,1000000,1000000
58384728,1000000,1000000
58384728,1000000,1000000
58384728,1000000,1000000
58404728,1000000,1000000
58405728,1000000,1000000
58425728,1000000,1000000
58425728,1000000,1000000
58445728,1000000,1000000
58445728,1000000,1000000
58465728,1000000,1000000
58465728,1000000,1000000
58485728,1000000,1000000
58485728,1000000,1000000
58505728,1000000,1000000
58505728,1000000,1000000
58525728,1000000,1000000
58525728,1000000,1000000
58545728,1000000,1000000
58545728,1000000,1000000
58565728,1000000,1000000
58565728,1000000,1000000
58585728,1000000,1000000
58585728,1000000,1000000
58605728,1000000,1000000
58605728,1000000,1000000
58625728,1000000,1000000
58625728,1000000,1000000
58645728,1000000,1000000
58645728,1000000,1000000
58665728,1000000,1000000
58665728,1000000,1000000
58685728,1000000,1000000
58685728,1000000,1000000
58705728,1000000,1000000
58705728,1000000,1000000
58725728,1000000,1000000
58725728,1000000,1000000
58745728,1000000,1000000
58745728,1000000,1000000
58765728,1000000,1000000
58765728,1000000,1000000
58785728,1000000,1000000
58785728,1000000,1000000
58805728,1000000,1000000
58805728,1000000,1000000
58825728,1000000,1000000
58825728,1000000,1000000
58845728,1000000,1000000
58845728,1000000,1000000
58865728,1000000,1000000
58865728,1000000,1000000
58885728,1000000,1000000
58885728,1000000,1000000
58905728,1000000,1000000
58905728,1000000,1000000
58909702,1000000,1000000
62906903,1000000,1000000
62906903,1000000,1000000
62906903,1000000,1000000
62926903,1000000,1000000
62927903,1000000,1000000
62947903,1000000,1000000
62947903,1000000,1000000
62967903,1000000,1000000
62967903,1000000,1000000
62987903,1000000,1000000
62987903,1000000,1000000
63007903,1000000,1000000
63007903,1000000,1000000
63027903,1000000,1000000
63027903,1000000,1000000
63047903,1000000,1000000
63047903,1000000,1000000
63067903,1000000,1000000
63067903,1000000,1000000
63087903,1000000,1000000
63087903,1000000,1000000
63107903,1000000,1000000
63107903,1000000,1000000
63127903,1000000,1000000
63127903,1000000,1000000
63147903,1000000,1000000
63147903,1000000,1000000
63167903,1000000,1000000
63167903,1000000,1000000
63187903,1000000,1000000
63187903,1000000,1000000
63207903,1000000,1000000
63207903,1000000,1000000
63227903,1000000,1000000
63227903,1000000,1000000
63247903,1000000,1000000
63247903,1000000,1000000
63267903,1000000,1000000
63267903,1000000,1000000
63287903,1000000,1000000
63287903,1000000,1000000
63293403,1000000,1000000
64709639,1000000,1000000
64709639,1000000,1000000
64709639,1000000,1000000
64729639,1000000,1000000
64730639,1000000,1000000
64750639,1000000,1000000
64750639,1000000,1000000
64770639,1000000,1000000
64770639,1000000,1000000
64790639,1000000,1000000
64790639,1000000,1000000
64810639,1000000,1000000
64810639,1000000,1000000
64830639,1000000,1000000
64830639,1000000,1000000
64850639,1000000,1000000
64850639,1000000,1000000
64870639,1000000,1000000
64870639,1000000,1000000
64890639,1000000,1000000
64890639,1000000,1000000
64910639,1000000,1000000
64910639,1000000,1000000
64930639,1000000,1000000
64930639,1000000,1000000
64950639,1000000,1000000
64950639,1000000,1000000
64970639,1000000,1000000
64970639,1000000,1000000
64990639,1000000,1000000
64990639,1000000,1000000
65010639,1000000,1000000
65010639,1000000,1000000
65030639,1000000,1000000
65030639,1000000,1000000
65050639,1000000,1000000
65050639,1000000,1000000
65070639,1000000,1000000
65070639,1000000,1000000
65090639,1000000,1000000
65090639,1000000,1000000
65110639,1000000,1000000
65110639,1000000,1000000
65125042,1000000,1000000
66619327,1000000,1000000
66619327,1000000,1000000
66619327,1000000,1000000
66635553,1000000,1000000
67731940,1000000,1000000
67731940,1000000,1000000
67731940,1000000,1000000
67751940,1000000,1000000
67752912,1028703.3632200169,1000000
67772353,1028703.3632200169,1000000
67772353,1028703.3632200169,1000000
67791794,1028703.3632200169,1000000
67791794,1028703.3632200169,1000000
67811235,1028703.3632200169,1000000
67811235,1028703.3632200169,1000000
67830676,1028703.3632200169,1000000
67830676,1028703.3632200169,1000000
67850117,1028703.3632200169,1000000
67850117,1028703.3632200169,1000000
67869558,1028703.3632200169,1000000
67869558,1028703.3632200169,1000000
67888999,1028703.3632200169,1000000
67888999,1028703.3632200169,1000000
67908440,1028703.3632200169,1000000
67908440,1028703.3632200169,1000000
67927881,1028703.3632200169,1000000
67927881,1028703.3632200169,1000000
67947322,1028703.3632200169,1000000
67947322,1028703.3632200169,1000000
67966763,1028703.3632200169,1000000
67966763,1028703.3632200169,1000000
67986204,1028703.3632200169,1000000
67986204,1028703.3632200169,1000000
68005645,1028703.3632200169,1000000
68005645,1028703.3632200169,1000000
68025086,1028703.3632200169,1000000
68025086,1028703.3632200169,1000000
68044527,1028703.3632200169,1000000
68044527,1028703.3632200169,1000000
68063968,1028703.3632200169,1000000
68063968,1028703.3632200169,1000000
68083409,1028703.3632200169,1000000
68083409,1028703.3632200169,1000000
68102850,1028703.3632200169,1000000
68102850,1028703.3632200169,1000000
68122291,1028703.3632200169,1000000
68122291,1028703.3632200169,1000000
68141732,1028703.3632200169,1000000
68141732,1028703.3632200169,1000000
68161173,1028703.3632200169,1000000
68161173,1028703.3632200169,1000000
68180614,1028703.3632200169,1000000
68180614,1028703.3632200169,1000000
68200055,1028703.3632200169,1000000
68200055,1028703.3632200169,1000000
68219496,1028703.3632200169,1000000
68219496,1028703.3632200169,1000000
68238937,1028703.3632200169,1000000
68238937,1028703.3632200169,1000000
68258378,1028703.3632200169,1000000
68258378,1028703.3632200169,1000000
68277819,1028703.3632200169,1000000
68277819,1028703.3632200169,1000000
68297260,1028703.3632200169,1000000
68297260,1028703.3632200169,1000000
68316701,1028703.3632200169,1000000
68316701,1028703.3632200169,1000000
68336142,1028703.3632200169,1000000
68336142,1028703.3632200169,1000000
68355583,1028703.3632200169,1000000
68355583,1028703.3632200169,1000000
68375024,1028703.3632200169,1000000
68375024,1028703.3632200169,1000000
68394465,1028703.3632200169,1000000
68394465,1028703.3632200169,1000000
68413906,1028703.3632200169,1000000
68413906,1028703.3632200169,1000000
68433347,1028703.3632200169,1000000
68433347,1028703.3632200169,1000000
68452788,1028703.3632200169,1000000
68452788,1028703.3632200169,1000000
68472229,1028703.3632200169,1000000
68472229,1028703.3632200169,1000000
68491670,1028703.3632200169,1000000
68491670,1028703.3632200169,1000000
68492435,1028703.3632200169,1000000
74902111,1028703.3632200169,1000000
74902111,1028703.3632200169,1000000
74902111,1028703.3632200169,1000000
74922111,1028703.3632200169,1000000
74923111,1028703.3632200169,1000000
74943111,1028703.3632200169,1000000
74943111,1028703.3632200169,1000000
74963111,1028703.3632200169,1000000
74963111,1028703.3632200169,1000000
74983111,1028703.3632200169,1000000
74983111,1028703.3632200169,1000000
75003111,1028703.3632200169,1000000
75003111,1028703.3632200169,1000000
75023111,1028703.3632200169,1000000
75023111,1028703.3632200169,1000000
75043111,1028703.3632200169,1000000
75043111,1028703.3632200169,1000000
75063111,1028703.3632200169,1000000
75063111,1028703.3632200169,1000000
75083111,1028703.3632200169,1000000
75083111,1028703.3632200169,1000000
75103111,1028703.3632200169,1000000
75103111,1028703.3632200169,1000000
75123111,1028703.3632200169,1000000
75123111,1028703.3632200169,1000000
75143111,1028703.3632200169,1000000
75143111,1028703.3632200169,1000000
75163111,1028703.3632200169,1000000
75163111,1028703.3632200169,1000000
75183111,1028703.3632200169,1000000
75183111,1028703.3632200169,1000000
75203111,1028703.3632200169,1000000
75203111,1028703.3632200169,1000000
75223111,1028703.3632200169,1000000
75223111,1028703.3632200169,1000000
75243111,1028703.3632200169,1000000
75243111,1028703.3632200169,1000000
75263111,1028703.3632200169,1000000
75263111,1028703.3632200169,1000000
75283111,1028703.3632200169,1000000
75283111,1028703.3632200169,1000000
75303111,1028703.3632200169,1000000
75303111,1028703.3632200169,1000000
75323111,1028703.3632200169,1000000
75323111,1028703.3632200169,1000000
75329414,1028703.3632200169,1000000
76072758,1028703.3632200169,1000000
76072758,1028703.3632200169,1000000
76072758,1028703.3632200169,1000000
76092199,1028703.3632200169,1000000
76093199,1000000,1000000
76113199,1000000,1000000
76113199,1000000,1000000
76133199,1000000,1000000
76133199,1000000,1000000
76133875,1000000,1000000
77176336,1000000,1000000
77176336,1000000,1000000
77176336,1000000,1000000
77196336,1000000,1000000
77197046,1000000,1406491.878278657
77211265,1000000,1406491.878278657
77211265,1000000,1406491.878278657
77225484,1000000,1406491.878278657
77225484,1000000,1406491.878278657
77239703,1000000,1406491.878278657
77239703,1000000,1406491.878278657
77253922,1000000,1406491.878278657
77253922,1000000,1406491.878278657
77268141,1000000,1406491.878278657
77268141,1000000,1406491.878278657
77282360,1000000,1406491.878278657
77282360,1000000,1406491.878278657
77292420,1000000,1406491.878278657
79566445,1000000,1406491.878278657
79566445,1000000,1406491.878278657
79566445,1000000,1406491.878278657
79586445,1000000,1406491.878278657
79587445,1000000,1406491.878278657
79607445,1000000,1406491.878278657
79607445,1000000,1406491.878278657
79615643,1000000,1406491.878278657
83333114,1000000,1406491.878278657
83333114,1000000,1406491.878278657
83333114,1000000,1406491.878278657
83347333,1000000,1406491.878278657
83348333,1000000,1000000
83368333,1000000,1000000
83368333,1000000,1000000
83388333,1000000,1000000
83388333,1000000,1000000
83408333,1000000,1000000
83408333,1000000,1000000
83428333,1000000,1000000
83428333,1000000,1000000
83448333,1000000,1000000
83448333,1000000,1000000
83468333,1000000,1000000
83468333,1000000,1000000
83488333,1000000,1000000
83488333,1000000,1000000
83508333,1000000,1000000
83508333,1000000,1000000
83528333,1000000,1000000
83528333,1000000,1000000
83548333,1000000,1000000
83548333,1000000,1000000
83563736,1000000,1000000
86370373,1000000,1000000
86370373,1000000,1000000
86370373,1000000,1000000
86390373,1000000,1000000
86391373,1000000,1000000
86411373,1000000,1000000
86411373,1000000,1000000
86431373,1000000,1000000
86431373,1000000,1000000
86451373,1000000,1000000
86451373,1000000,1000000
86471373,1000000,1000000
86471373,1000000,1000000
86491373,1000000,1000000
86491373,1000000,1000000
86511373,1000000,1000000
86511373,1000000,1000000
86531373,1000000,1000000
86531373,1000000,1000000
86551373,1000000,1000000
86551373,1000000,1000000
86571373,1000000,1000000
86571373,1000000,1000000
86591373,1000000,1000000
86591373,1000000,1000000
86611373,1000000,1000000
86611373,1000000,1000000
86631373,1000000,1000000
86631373,1000000,1000000
86651373,1000000,1000000
86651373,1000000,1000000
86671373,1000000,1000000
86671373,1000000,1000000
86691373,1000000,1000000
86691373,1000000,1000000
86711373,1000000,1000000
86711373,1000000,1000000
86731373,1000000,1000000
86731373,1000000,1000000
86751373,1000000,1000000
86751373,1000000,1000000
86754322,1000000,1000000
88526272,1000000,1000000
88526272,1000000,1000000
88526272,1000000,1000000
88546272,1000000,1000000
88547272,1000000,1000000
88567272,1000000,1000000
88567272,1000000,1000000
88587272,1000000,1000000
88587272,1000000,1000000
88607272,1000000,1000000
88607272,1000000,1000000
88627272,1000000,1000000
88627272,1000000,1000000
88647272,1000000,1000000
88647272,1000000,1000000
88667272,1000000,1000000
88667272,1000000,1000000
88687272,1000000,1000000
88687272,1000000,1000000
88707272,1000000,1000000
88707272,1000000,1000000
88723155,1000000,1000000
88877739,1000000,1000000
88877739,1000000,1000000
88877739,1000000,1000000
88887679,1000000,1000000
92575299,1120322.3883610424,1000000
92575299,1120322.3883610424,1000000
92575299,1120322.3883610424,1000000
92595299,1120322.3883610424,1000000
92596299,1120322.3883610424,1000000
92616299,1120322.3883610424,1000000
92616299,1120322.3883610424,1000000
92636299,1120322.3883610424,1000000
92636299,1120322.3883610424,1000000
92656299,1120322.3883610424,1000000
92656299,1120322.3883610424,1000000
92671383,1120322.3883610424,1000000
95714621,1120322.3883610424,1000000
95714621,1120322.3883610424,1000000
95714621,1120322.3883610424,1000000
95725311,1120322.3883610424,1000000
97208748,1000000,1000000
97208748,1000000,1000000
97208748,1000000,1000000
97228748,1000000,1000000
97229748,1000000,1000000
97249748,1000000,1000000
97249748,1000000,1000000
97269748,1000000,1000000
97269748,1000000,1000000
97289748,1000000,1000000
97289748,1000000,1000000
97309748,1000000,1000000
97309748,1000000,1000000
97329748,1000000,1000000
97329748,1000000,1000000
97349748,1000000,1000000
97349748,1000000,1000000
97369748,1000000,1000000
97369748,1000000,1000000
97389748,1000000,1000000
97389748,1000000,1000000
97409748,1000000,1000000
97409748,1000000,1000000
97413129,1000000,1000000
98730373,1000000,1000000
98730373,1000000,1000000
98730373,1000000,1000000
98750373,1000000,1000000
98751373,1000000,1000000
98771373,1000000,1000000
98771373,1000000,1000000
98791373,1000000,1000000
98791373,1000000,1000000
98799420,1000000,1000000
102696042,1000000,1000000
102696042,1000000,1000000
102696042,1000000,1000000
102716042,1000000,1000000
102717042,1000000,1000000
102737042,1000000,1000000
102737042,1000000,1000000
102757042,1000000,1000000
102757042,1000000,1000000
102777042,1000000,1000000
102777042,1000000,1000000
102791993,1000000,1000000
105854581,1000000,1000000
105854581,1000000,1000000
105854581,1000000,1000000
105874581,1000000,1000000
105875581,1000000,1000000
105895581,1000000,1000000
105895581,1000000,1000000
105915581,1000000,1000000
105915581,1000000,1000000
105935581,1000000,1000000
105935581,1000000,1000000
105955581,1000000,1000000
105955581,1000000,1000000
105975581,1000000,1000000
105975581,1000000,1000000
105984311,1000000,1000000
106051305,1000000,1000000
106051305,1000000,1000000
106051305,1000000,1000000
106071305,1000000,1000000
106072305,1000000,1000000
106092305,1000000,1000000
106092305,1000000,1000000
106112305,1000000,1000000
106112305,1000000,1000000
106132305,1000000,1000000
106132305,1000000,1000000
106152305,1000000,1000000
106152305,1000000,1000000
106172305,1000000,1000000
106172305,1000000,1000000
106183793,1000000,1000000
107798427,1000000,1000000
107798427,1000000,1000000
107798427,1000000,1000000
107818427,1000000,1000000
107819427,1000000,1000000
107839427,1000000,1000000
107839427,1000000,1000000
107859427,1000000,1000000
107859427,1000000,1000000
107879427,1000000,1000000
107879427,1000000,1000000
107899427,1000000,1000000
107899427,1000000,1000000
107919427,1000000,1000000
107919427,1000000,1000000
107939427,1000000,1000000
107939427,1000000,1000000
107959427,1000000,1000000
107959427,1000000,1000000
107979427,1000000,1000000
107979427,1000000,1000000
107999427,1000000,1000000
107999427,1000000,1000000
108019427,1000000,1000000
108019427,1000000,1000000
108039427,1000000,1000000
108039427,1000000,1000000
108059427,1000000,1000000
108059427,1000000,1000000
108079427,1000000,1000000
108079427,1000000,1000000
108099427,1000000,1000000
108099427,1000000,1000000
108119427,1000000,1000000
108119427,1000000,1000000
108139427,1000000,1000000
108139427,1000000,1000000
108159427,1000000,1000000
108159427,1000000,1000000
108179427,1000000,1000000
108179427,1000000,1000000
108199427,1000000,1000000
108199427,1000000,1000000
108219427,1000000,1000000
108219427,1000000,1000000
108239427,1000000,1000000
108239427,1000000,1000000
108259427,1000000,1000000
108259427,1000000,1000000
108279427,1000000,1000000
108279427,1000000,1000000
108299427,1000000,1000000
108299427,1000000,1000000
108315119,1000000,1000000
113495910,1000000,1000000
113495910,1000000,1000000
113495910,1000000,1000000
113515910,1000000,1000000
113516910,1000000,1000000
113536910,1000000,1000000
113536910,1000000,1000000
113556910,1000000,1000000
113556910,1000000,1000000
113576910,1000000,1000000
113576910,1000000,1000000
113596910,1000000,1000000
113596910,1000000,1000000
113616910,1000000,1000000
113616910,1000000,1000000
113636910,1000000,1000000
113636910,1000000,1000000
113656910,1000000,1000000
113656910,1000000,1000000
113660661,1000000,1000000
114045853,1000000,1000000
114045853,1000000,1000000
114045853,1000000,1000000
114065853,1000000,1000000
114066853,1000000,1000000
114086853,1000000,1000000
114086853,1000000,1000000
114106853,1000000,1000000
114106853,1000000,1000000
114126853,1000000,1000000
114126853,1000000,1000000
114146853,1000000,1000000
114146853,1000000,1000000
114166853,1000000,1000000
114166853,1000000,1000000
114186853,1000000,1000000
114186853,1000000,1000000
114206853,1000000,1000000
114206853,1000000,1000000
114226853,1000000,1000000
114226853,1000000,1000000
114246853,1000000,1000000
114246853,1000000,1000000
114266853,1000000,1000000
114266853,1000000,1000000
114286853,1000000,1000000
114286853,1000000,1000000
114306853,1000000,1000000
114306853,1000000,1000000
114326853,1000000,1000000
114326853,1000000,1000000
114346853,1000000,1000000
114346853,1000000,1000000
114366853,1000000,1000000
114366853,1000000,1000000
114386853,1000000,1000000
114386853,1000000,1000000
114402628,1000000,1000000
114776853,1000000,1000000
114776853,1000000,1000000
114776853,1000000,1000000
114796853,1000000,1000000
114797853,1000000,1000000
114817853,1000000,1000000
114817853,1000000,1000000
114837853,1000000,1000000
114837853,1000000,1000000
114857853,1000000,1000000
114857853,1000000,1000000
114877853,1000000,1000000
114877853,1000000,1000000
114897853,1000000,1000000
114897853,1000000,1000000
114907139,1000000,1000000
121564643,1000000,1000000
121564643,1000000,1000000
121564643,1000000,1000000
121584643,1000000,1000000
121585643,1000000,1000000
121605643,1000000,1000000
121605643,1000000,1000000
121625643,1000000,1000000
121625643,1000000,1000000
121645643,1000000,1000000
121645643,1000000,1000000
121665643,1000000,1000000
121665643,1000000,1000000
121685643,1000000,1000000
121685643,1000000,1000000
121705643,1000000,1000000
121705643,1000000,1000000
121725643,1000000,1000000
121725643,1000000,1000000
121740800,1000000,1000000
123171994,1000000,1000000
123171994,1000000,1000000
123171994,1000000,1000000
123191994,1000000,1000000
123192994,1000000,1000000
123199706,1000000,1000000
124451575,1000000,1000000
124451575,1000000,1000000
124451575,1000000,1000000
124471575,1000000,1000000
124472575,1000000,1000000
124492575,1000000,1000000
124492575,1000000,1000000
124512575,1000000,1000000
124512575,1000000,1000000
124532575,1000000,1000000
124532575,1000000,1000000
124552575,1000000,1000000
124552575,1000000,1000000
124572575,1000000,1000000
124572575,1000000,1000000
124592575,1000000,1000000
124592575,1000000,1000000
124612575,1000000,1000000
124612575,1000000,1000000
124632575,1000000,1000000
124632575,1000000,1000000
124652575,1000000,1000000
124652575,1000000,1000000
124672575,1000000,1000000
124672575,1000000,1000000
124692575,1000000,1000000
124692575,1000000,1000000
124712575,1000000,1000000
124712575,1000000,1000000
124732575,1000000,1000000
124732575,1000000,1000000
124752575,1000000,1000000
124752575,1000000,1000000
124772575,1000000,1000000
124772575,1000000,1000000
124792575,1000000,1000000
124792575,1000000,1000000
124793923,1000000,1000000
127443282,1000000,1000000
127443282,1000000,1000000
127443282,1000000,1000000
127463282,1000000,1000000
127464282,1000000,1000000
127484282,1000000,1000000
127484282,1000000,1000000
127504282,1000000,1000000
127504282,1000000,1000000
127524282,1000000,1000000
127524282,1000000,1000000
127544282,1000000,1000000
127544282,1000000,1000000
127564282,1000000,1000000
127564282,1000000,1000000
127577138,1000000,1000000
130538761,1000000,1000000
130538761,1000000,1000000
130538761,1000000,1000000
130558761,1000000,1000000
130559761,1000000,1000000
130578789,1000000,1000000
133372238,1000000,1000000
133372238,1000000,1000000
133372238,1000000,1000000
133392238,1000000,1000000
133393238,1000000,1000000
133413238,1000000,1000000
133413238,1000000,1000000
133433238,1000000,1000000
133433238,1000000,1000000
133453238,1000000,1000000
133453238,1000000,1000000
133473238,1000000,1000000
133473238,1000000,1000000
133493238,1000000,1000000
133493238,1000000,1000000
133513238,1000000,1000000
133513238,1000000,1000000
133533238,1000000,1000000
133533238,1000000,1000000
133553238,1000000,1000000
133553238,1000000,1000000
133573238,1000000,1000000
133573238,1000000,1000000
133593238,1000000,1000000
133593238,1000000,1000000
133613238,1000000,1000000
133613238,1000000,1000000
133633238,1000000,1000000
133633238,1000000,1000000
133653238,1000000,1000000
133653238,1000000,1000000
133673238,1000000,1000000
133673238,1000000,1000000
133693238,1000000,1000000
133693238,1000000,1000000
133713238,1000000,1000000
133713238,1000000,1000000
133733238,1000000,1000000
133733238,1000000,1000000
133753238,1000000,1000000
133753238,1000000,1000000
133773238,1000000,1000000
133773238,1000000,1000000
133793238,1000000,1000000
133793238,1000000,1000000
133813238,1000000,1000000
133813238,1000000,1000000
133833238,1000000,1000000
133833238,1000000,1000000
133853238,1000000,1000000
133853238,1000000,1000000
133873238,1000000,1000000
133873238,1000000,1000000
133893238,1000000,1000000
133893238,1000000,1000000
133913238,1000000,1000000
133913238,1000000,1000000
133933238,1000000,1000000
133933238,1000000,1000000
133953238,1000000,1000000
133953238,1000000,1000000
133973238,1000000,1000000
133973238,1000000,1000000
133993238,1000000,1000000
133993238,1000000,1000000
134013238,1000000,1000000
134013238,1000000,1000000
134033238,1000000,1000000
134033238,1000000,1000000
134053238,1000000,1000000
134053238,1000000,1000000
134073238,1000000,1000000
134073238,1000000,1000000
134093238,1000000,1000000
134093238,1000000,1000000
134113238,1000000,1000000
134113238,1000000,1000000
134133238,1000000,1000000
134133238,1000000,1000000
134153238,1000000,1000000
134153238,1000000,1000000
134172764,1000000,1000000
135666076,1000000,1000000
135666076,1000000,1000000
135666076,1000000,1000000
135686076,1000000,1000000
135687076,1000000,1000000
135707076,1000000,1000000
135707076,1000000,1000000
135712320,1000000,1000000
135717106,1000000,1000000
135717106,1000000,1000000
135717106,1000000,1000000
135737106,1000000,1000000
135737496,1000000,2558354.39538404
135745313,1000000,2558354.39538404
135745313,1000000,2558354.39538404
135753130,1000000,2558354.39538404
135753130,1000000,2558354.39538404
135760947,1000000,2558354.39538404
135760947,1000000,2558354.39538404
135768764,1000000,2558354.39538404
135768764,1000000,2558354.39538404
135770492,1000000,2558354.39538404
139356654,1000000,2558354.39538404
139356654,1000000,2558354.39538404
139356654,1000000,2558354.39538404
139376654,1000000,2558354.39538404
139377654,1000000,2558354.39538404
139397654,1000000,2558354.39538404
139397654,1000000,2558354.39538404
139406339,1000000,2558354.39538404
142908153,1000000,2558354.39538404
142908153,1000000,2558354.39538404
142908153,1000000,2558354.39538404
142915970,1000000,2558354.39538404
142916970,1000000,1000000
142936970,1000000,1000000
142936970,1000000,1000000
142952210,1000000,1000000
144533580,1000000,1000000
144533580,1000000,1000000
144533580,1000000,1000000
144553580,1000000,1000000
144554580,1000000,1000000
144574580,1000000,1000000
144574580,1000000,1000000
144594580,1000000,1000000
144594580,1000000,1000000
144614580,1000000,1000000
144614580,1000000,1000000
144634580,1000000,1000000
144634580,1000000,1000000
144654580,1000000,1000000
144654580,1000000,1000000
144674580,1000000,1000000
144674580,1000000,1000000
144694580,1000000,1000000
144694580,1000000,1000000
144714580,1000000,1000000
144714580,1000000,1000000
144734580,1000000,1000000
144734580,1000000,1000000
144754580,1000000,1000000
144754580,1000000,1000000
144774580,1000000,1000000
144774580,1000000,1000000
144794580,1000000,1000000
144794580,1000000,1000000
144814580,1000000,1000000
144814580,1000000,1000000
144834580,1000000,1000000
144834580,1000000,1000000
144854580,1000000,1000000
144854580,1000000,1000000
144874580,1000000,1000000
144874580,1000000,1000000
144894580,1000000,1000000
144894580,1000000,1000000
144914580,1000000,1000000
144914580,1000000,1000000
144934580,1000000,1000000
144934580,1000000,1000000
144954580,1000000,1000000
144954580,1000000,1000000
144974580,1000000,1000000
144974580,1000000,1000000
144994580,1000000,1000000
144994580,1000000,1000000
145014580,1000000,1000000
145014580,1000000,1000000
145034580,1000000,1000000
145034580,1000000,1000000
145054580,1000000,1000000
145054580,1000000,1000000
145074580,1000000,1000000
145074580,1000000,1000000
145094580,1000000,1000000
145094580,1000000,1000000
145114580,1000000,1000000
145114580,1000000,1000000
145134580,1000000,1000000
145134580,1000000,1000000
145154580,1000000,1000000
145154580,1000000,1000000
145174580,1000000,1000000
145174580,1000000,1000000
145194580,1000000,1000000
145194580,1000000,1000000
145214580,1000000,1000000
145214580,1000000,1000000
145234580,1000000,1000000
145234580,1000000,1000000
145254580,1000000,1000000
145254580,1000000,1000000
145274580,1000000,1000000
145274580,1000000,1000000
145282190,1000000,1000000
145537807,1000000,1000000
145537807,1000000,1000000
145537807,1000000,1000000
145557807,1000000,1000000
145558807,1000000,1000000
145578807,1000000,1000000
145578807,1000000,1000000
145598807,1000000,1000000
145598807,1000000,1000000
145618807,1000000,1000000
145618807,1000000,1000000
145638807,1000000,1000000
145638807,1000000,1000000
145658807,1000000,1000000
145658807,1000000,1000000
145678807,1000000,1000000
145678807,1000000,1000000
145684900,1000000,1000000
152032250,1000000,1000000
152032250,1000000,1000000
152032250,1000000,1000000
152052250,1000000,1000000
152053250,1000000,1000000
152073250,1000000,1000000
152073250,1000000,1000000
152093250,1000000,1000000
152093250,1000000,1000000
152113250,1000000,1000000
152113250,1000000,1000000
152133250,1000000,1000000
152133250,1000000,1000000
152153250,1000000,1000000
152153250,1000000,1000000
152173250,1000000,1000000
152173250,1000000,1000000
152179844,1000000,1000000
153237117,1000000,1000000
153237117,1000000,1000000
153237117,1000000,1000000
153257117,1000000,1000000
153258117,1000000,1000000
153278117,1000000,1000000
153278117,1000000,1000000
153298117,1000000,1000000
153298117,1000000,1000000
153318117,1000000,1000000
153318117,1000000,1000000
153338117,1000000,1000000
153338117,1000000,1000000
153358117,1000000,1000000
153358117,1000000,1000000
153378117,1000000,1000000
153378117,1000000,1000000
153398117,1000000,1000000
153398117,1000000,1000000
153418117,1000000,1000000
153418117,1000000,1000000
153438117,1000000,1000000
153438117,1000000,1000000
153458117,1000000,1000000
153458117,1000000,1000000
153478117,1000000,1000000
153478117,1000000,1000000
153498117,1000000,1000000
153498117,1000000,1000000
153518117,1000000,1000000
153518117,1000000,1000000
153538117,1000000,1000000
153538117,1000000,1000000
153558117,1000000,1000000
153558117,1000000,1000000
153578117,1000000,1000000
153578117,1000000,1000000
153598117,1000000,1000000
153598117,1000000,1000000
153618117,1000000,1000000
153618117,1000000,1000000
153638117,1000000,1000000
153638117,1000000,1000000
153658117,1000000,1000000
153658117,1000000,1000000
153678117,1000000,1000000
153678117,1000000,1000000
153698117,1000000,1000000
153698117,1000000,1000000
153718117,1000000,1000000
153718117,1000000,1000000
153738117,1000000,1000000
153738117,1000000,1000000
153758117,1000000,1000000
153758117,1000000,1000000
153778117,1000000,1000000
153778117,1000000,1000000
153798117,1000000,1000000
153798117,1000000,1000000
153818117,1000000,1000000
153818117,1000000,1000000
153838117,1000000,1000000
153838117,1000000,1000000
153858117,1000000,1000000
153858117,1000000,1000000
153878117,1000000,1000000
153878117,1000000,1000000
153898117,1000000,1000000
153898117,1000000,1000000
153918117,1000000,1000000
153918117,1000000,1000000
153938117,1000000,1000000
153938117,1000000,1000000
153958117,1000000,1000000
153958117,1000000,1000000
153978117,1000000,1000000
153978117,1000000,1000000
153998117,1000000,1000000
153998117,1000000,1000000
154018117,1000000,1000000
154018117,1000000,1000000
154038117,1000000,1000000
154038117,1000000,1000000
154058117,1000000,1000000
154058117,1000000,1000000
154078117,1000000,1000000
154078117,1000000,1000000
154098117,1000000,1000000
154098117,1000000,1000000
154118117,1000000,1000000
154118117,1000000,1000000
154138117,1000000,1000000
154138117,1000000,1000000
154158117,1000000,1000000
154158117,1000000,1000000
154178117,1000000,1000000
154178117,1000000,1000000
154198117,1000000,1000000
154198117,1000000,1000000
154218117,1000000,1000000
154218117,1000000,1000000
154238117,1000000,1000000
154238117,1000000,1000000
154258117,1000000,1000000
154258117,1000000,1000000
154278117,1000000,1000000
154278283,1000000,6000000
154281616,1000000,6000000
154281616,1000000,6000000
154284949,1000000,6000000
154284949,1000000,6000000
154288282,1000000,6000000
154288282,1000000,6000000
154291615,1000000,6000000
154291615,1000000,6000000
154294948,1000000,6000000
154294948,1000000,6000000
154298281,1000000,6000000
154298281,1000000,6000000
154301614,1000000,6000000
154301614,1000000,6000000
154304947,1000000,6000000
154304947,1000000,6000000
154308280,1000000,6000000
154308280,1000000,6000000
154311613,1000000,6000000
154311613,1000000,6000000
154314946,1000000,6000000
154314946,1000000,6000000
154318279,1000000,6000000
154318279,1000000,6000000
154320585,1000000,6000000
154527481,1000000,6000000
154527481,1000000,6000000
154527481,1000000,6000000
154547481,1000000,6000000
154548481,1000000,6000000
154568481,1000000,6000000
154568481,1000000,6000000
154588481,1000000,6000000
154588481,1000000,6000000
154608481,1000000,6000000
154608481,1000000,6000000
154628481,1000000,6000000
154628481,1000000,6000000
154648481,1000000,6000000
154648481,1000000,6000000
154668481,1000000,6000000
154668481,1000000,6000000
154688481,1000000,6000000
154688481,1000000,6000000
154708481,1000000,6000000
154708481,1000000,6000000
154728481,1000000,6000000
154728481,1000000,6000000
154748481,1000000,6000000
154748481,1000000,6000000
154768481,1000000,6000000
154768481,1000000,6000000
154788481,1000000,6000000
154788481,1000000,6000000
154808481,1000000,6000000
154808481,1000000,6000000
154828481,1000000,6000000
154828481,1000000,6000000
154848481,1000000,6000000
154848481,1000000,6000000
154852364,1000000,6000000
159364376,1000000,6000000
159364376,1000000,6000000
159364376,1000000,6000000
159367709,1000000,6000000
159368709,1000000,1000000
159386509,1000000,1000000
164041744,1000000,1000000
164041744,1000000,1000000
164041744,1000000,1000000
164061744,1000000,1000000
164062744,1000000,1000000
164082744,1000000,1000000
164082744,1000000,1000000
164102744,1000000,1000000
164102744,1000000,1000000
164122744,1000000,1000000
164122744,1000000,1000000
164142744,1000000,1000000
164142744,1000000,1000000
164162744,1000000,1000000
164162744,1000000,1000000
164182744,1000000,1000000
164182744,1000000,1000000
164198004,1000000,1000000
167135035,1000000,1000000
167135035,1000000,1000000
167135035,1000000,1000000
167151789,1000000,1000000
167546266,1000000,1000000
167546266,1000000,1000000
167546266,1000000,1000000
167566266,1000000,1000000
167567266,1000000,1000000
167587266,1000000,1000000
167587266,1000000,1000000
167607266,1000000,1000000
167607266,1000000,1000000
167627266,1000000,1000000
167627266,1000000,1000000
167647266,1000000,1000000
167647266,1000000,1000000
167667266,1000000,1000000
167667266,1000000,1000000
167687266,1000000,1000000
167687266,1000000,1000000
167707266,1000000,1000000
167707266,1000000,1000000
167727266,1000000,1000000
167727266,1000000,1000000
167747266,1000000,1000000
167747266,1000000,1000000
167767266,1000000,1000000
167767266,1000000,1000000
167787266,1000000,1000000
167787266,1000000,1000000
167807266,1000000,1000000
167807266,1000000,1000000
167827266,1000000,1000000
167827266,1000000,1000000
167847266,1000000,1000000
167847266,1000000,1000000
167867266,1000000,1000000
167867266,1000000,1000000
167887266,1000000,1000000
167887266,1000000,1000000
167907266,1000000,1000000
167907266,1000000,1000000
167927266,1000000,1000000
167927266,1000000,1000000
167947266,1000000,1000000
167947266,1000000,1000000
167967266,1000000,1000000
167967266,1000000,1000000
167987266,1000000,1000000
167987266,1000000,1000000
168007266,1000000,1000000
168007266,1000000,1000000
168027266,1000000,1000000
168027266,1000000,1000000
168047266,1000000,1000000
168047266,1000000,1000000
168067266,1000000,1000000
168067266,1000000,1000000
168071454,1000000,1000000
168484711,1000000,1000000
168484711,1000000,1000000
168484711,1000000,1000000
168504711,1000000,1000000
168505711,1000000,1000000
168525711,1000000,1000000
168525711,1000000,1000000
168537553,1000000,1000000
176976191,1000000,1000000
176976191,1000000,1000000
176976191,1000000,1000000
176996191,1000000,1000000
176997191,1000000,1000000
177017191,1000000,1000000
177017191,1000000,1000000
177037191,1000000,1000000
177037191,1000000,1000000
177043015,1000000,1000000
177043015,1000000,1000000
177043015,1000000,1000000
177057191,1000000,1000000
177057191,1000000,1000000
177063015,1000000,1000000
177064015,1000000,1000000
177077191,1000000,1000000
177077191,1000000,1000000
177082159,1000000,1000000
177084015,1000000,1000000
177084015,1000000,1000000
177104015,1000000,1000000
177104015,1000000,1000000
177124015,1000000,1000000
177124015,1000000,1000000
177144015,1000000,1000000
177144015,1000000,1000000
177164015,1000000,1000000
177164015,1000000,1000000
177184015,1000000,1000000
177184015,1000000,1000000
177204015,1000000,1000000
177204015,1000000,1000000
177224015,1000000,1000000
177224015,1000000,1000000
177244015,1000000,1000000
177244015,1000000,1000000
177264015,1000000,1000000
177264015,1000000,1000000
177284015,1000000,1000000
177284015,1000000,1000000
177304015,1000000,1000000
177304015,1000000,1000000
177324015,1000000,1000000
177324015,1000000,1000000
177344015,1000000,1000000
177344015,1000000,1000000
177358174,1000000,1000000
177358174,1000000,1000000
177358174,1000000,1000000
177364015,1000000,1000000
177364015,1000000,1000000
177378174,1000000,1000000
177378174,1000000,1000000
177384015,1000000,1000000
177384015,1000000,1000000
177398174,1000000,1000000
177398174,1000000,1000000
177404015,1000000,1000000
177404015,1000000,1000000
177418174,1000000,1000000
177418174,1000000,1000000
177424015,1000000,1000000
177424015,1000000,1000000
177435630,1000000,1000000
177438174,1000000,1000000
177438174,1000000,1000000
177458174,1000000,1000000
177458174,1000000,1000000
177478174,1000000,1000000
177478174,1000000,1000000
177498174,1000000,1000000
177498174,1000000,1000000
177518174,1000000,1000000
177518174,1000000,1000000
177538174,1000000,1000000
177538174,1000000,1000000
177558174,1000000,1000000
177558174,1000000,1000000
177569612,1000000,1000000
180957700,1000000,1000000
180957700,1000000,1000000
180957700,1000000,1000000
180977700,1000000,1000000
180978700,1000000,1000000
180998700,1000000,1000000
180998700,1000000,1000000
181018700,1000000,1000000
181018700,1000000,1000000
181038700,1000000,1000000
181038700,1000000,1000000
181058700,1000000,1000000
181058700,1000000,1000000
181078700,1000000,1000000
181078700,1000000,1000000
181098700,1000000,1000000
181098700,1000000,1000000
181118700,1000000,1000000
181118700,1000000,1000000
181138700,1000000,1000000
181138700,1000000,1000000
181158700,1000000,1000000
181158700,1000000,1000000
181178700,1000000,1000000
181178700,1000000,1000000
181198700,1000000,1000000
181198700,1000000,1000000
181218700,1000000,1000000
181218700,1000000,1000000
181238700,1000000,1000000
181238700,1000000,1000000
181258700,1000000,1000000
181258700,1000000,1000000
181262622,1000000,1000000
185590809,1000000,1000000
185590809,1000000,1000000
185590809,1000000,1000000
185610809,1000000,1000000
185611809,1000000,1000000
185631809,1000000,1000000
185631809,1000000,1000000
185644552,1000000,1000000
185644552,1000000,1000000
185644552,1000000,1000000
185651809,1000000,1000000
185651809,1000000,1000000
185664552,1000000,1000000
185665552,1000000,1000000
185666670,1000000,1000000
185685552,1000000,1000000
185685552,1000000,1000000
185705552,1000000,1000000
185705552,1000000,1000000
185725552,1000000,1000000
185725552,1000000,1000000
185745552,1000000,1000000
185745552,1000000,1000000
185765552,1000000,1000000
185765552,1000000,1000000
185780333,1000000,1000000
186596304,1000000,1000000
186596304,1000000,1000000
186596304,1000000,1000000
186616304,1000000,1000000
186617304,1000000,1000000
186637304,1000000,1000000
186637304,1000000,1000000
186657304,1000000,1000000
186657304,1000000,1000000
186677304,1000000,1000000
186677304,1000000,1000000
186697304,1000000,1000000
186697304,1000000,1000000
186717304,1000000,1000000
186717304,1000000,1000000
186737304,1000000,1000000
186737304,1000000,1000000
186757304,1000000,1000000
186757304,1000000,1000000
186777304,1000000,1000000
186777304,1000000,1000000
186797304,1000000,1000000
186797304,1000000,1000000
186817304,1000000,1000000
186817304,1000000,1000000
186837304,1000000,1000000
186837304,1000000,1000000
186857304,1000000,1000000
186857304,1000000,1000000
186877304,1000000,1000000
186877304,1000000,1000000
186897304,1000000,1000000
186897304,1000000,1000000
186903519,1000000,1000000
189537566,1000000,1000000
189537566,1000000,1000000
189537566,1000000,1000000
189557566,1000000,1000000
189558566,1000000,1000000
189578566,1000000,1000000
189578566,1000000,1000000
189598566,1000000,1000000
189598566,1000000,1000000
189603879,1000000,1000000
194134795,1000000,1000000
194134795,1000000,1000000
194134795,1000000,1000000
194154795,1000000,1000000
194155795,1000000,1000000
194175795,1000000,1000000
194175795,1000000,1000000
194195795,1000000,1000000
194195795,1000000,1000000
194215795,1000000,1000000
194215795,1000000,1000000
194235795,1000000,1000000
194235795,1000000,1000000
194255795,1000000,1000000
194255795,1000000,1000000
194260941,1000000,1000000
196292027,1000000,1000000
196292027,1000000,1000000
196292027,1000000,1000000
196312027,1000000,1000000
196313027,1000000,1000000
196320768,1000000,1000000
197217800,1000000,1000000
197217800,1000000,1000000
197217800,1000000,1000000
197237800,1000000,1000000
197238800,1000000,1000000
197258800,1000000,1000000
197258800,1000000,1000000
197278800,1000000,1000000
197278800,1000000,1000000
197298800,1000000,1000000
197298800,1000000,1000000
197318800,1000000,1000000
197318800,1000000,1000000
197338800,1000000,1000000
197338800,1000000,1000000
197358800,1000000,1000000
197358800,1000000,1000000
197378800,1000000,1000000
197378800,1000000,1000000
197398800,1000000,1000000
197398800,1000000,1000000
197418800,1000000,1000000
197418800,1000000,1000000
197438800,1000000,1000000
197438800,1000000,1000000
197458800,1000000,1000000
197458800,1000000,1000000
197478800,1000000,1000000
197478800,1000000,1000000
197485944,1000000,1000000
202775821,1000000,1000000
202775821,1000000,1000000
202775821,1000000,1000000
202795821,1000000,1000000
202796821,1000000,1000000
202816821,1000000,1000000
202816821,1000000,1000000
202836821,1000000,1000000
202836821,1000000,1000000
202856821,1000000,1000000
202856821,1000000,1000000
202876821,1000000,1000000
202876821,1000000,1000000
202889073,1000000,1000000
203176881,1000000,1000000
203176881,1000000,1000000
203176881,1000000,1000000
203196881,1000000,1000000
203197881,1000000,1000000
203201632,1000000,1000000
206740636,1000000,1000000
206740636,1000000,1000000
206740636,1000000,1000000
206760636,1000000,1000000
206761636,1000000,1000000
206781636,1000000,1000000
206781636,1000000,1000000
206801636,1000000,1000000
206801636,1000000,1000000
206821636,1000000,1000000
206821636,1000000,1000000
206841636,1000000,1000000
206841636,1000000,1000000
206861636,1000000,1000000
206861636,1000000,1000000
206881636,1000000,1000000
206881636,1000000,1000000
206901636,1000000,1000000
206901636,1000000,1000000
206921636,1000000,1000000
206921636,1000000,1000000
206941636,1000000,1000000
206941636,1000000,1000000
206948846,1000000,1000000
210916153,1000000,1000000
210916153,1000000,1000000
210916153,1000000,1000000
210936153,1000000,1000000
210937153,1000000,1000000
210957153,1000000,1000000
210957153,1000000,1000000
210977153,1000000,1000000
210977153,1000000,1000000
210997153,1000000,1000000
210997153,1000000,1000000
211017153,1000000,1000000
211017153,1000000,1000000
211037153,1000000,1000000
211037153,1000000,1000000
211057153,1000000,1000000
211057153,1000000,1000000
211077153,1000000,1000000
211077153,1000000,1000000
211097153,1000000,1000000
211097153,1000000,1000000
211115893,1000000,1000000
211530058,1000000,1000000
211530058,1000000,1000000
211530058,1000000,1000000
211550058,1000000,1000000
211551058,1000000,1000000
211571058,1000000,1000000
211571058,1000000,1000000
211591058,1000000,1000000
211591058,1000000,1000000
211611058,1000000,1000000
211611058,1000000,1000000
211631058,1000000,1000000
211631058,1000000,1000000
211651058,1000000,1000000
211651058,1000000,1000000
211671058,1000000,1000000
211671058,1000000,1000000
211691058,1000000,1000000
211691058,1000000,1000000
211711058,1000000,1000000
211711058,1000000,1000000
211731058,1000000,1000000
211731058,1000000,1000000
211751058,1000000,1000000
211751058,1000000,1000000
211771058,1000000,1000000
211771058,1000000,1000000
211791058,1000000,1000000
211791058,1000000,1000000
211811058,1000000,1000000
211811058,1000000,1000000
211831058,1000000,1000000
211831058,1000000,1000000
211851058,1000000,1000000
211851058,1000000,1000000
211871058,1000000,1000000
211871058,1000000,1000000
211891058,1000000,1000000
211891058,1000000,1000000
211911058,1000000,1000000
211911058,1000000,1000000
211931058,1000000,1000000
211931058,1000000,1000000
211951058,1000000,1000000
211951058,1000000,1000000
211961971,1000000,1000000
212513175,1000000,1000000
212513175,1000000,1000000
212513175,1000000,1000000
212533175,1000000,1000000
212534175,1000000,1000000
212554175,1000000,1000000
212554175,1000000,1000000
212574175,1000000,1000000
212574175,1000000,1000000
212594175,1000000,1000000
212594175,1000000,1000000
212614175,1000000,1000000
212614175,1000000,1000000
212634175,1000000,1000000
212634175,1000000,1000000
212654175,1000000,1000000
212654175,1000000,1000000
212672700,1000000,1000000
216460283,1000000,1000000
216460283,1000000,1000000
216460283,1000000,1000000
216480283,1000000,1000000
216481283,1000000,1000000
216501283,1000000,1000000
216501283,1000000,1000000
216521283,1000000,1000000
216521283,1000000,1000000
216541283,1000000,1000000
216541283,1000000,1000000
216561283,1000000,1000000
216561283,1000000,1000000
216581283,1000000,1000000
216581283,1000000,1000000
216601283,1000000,1000000
216601283,1000000,1000000
216621283,1000000,1000000
216621283,1000000,1000000
216641283,1000000,1000000
216641283,1000000,1000000
216661283,1000000,1000000
216661283,1000000,1000000
216681283,1000000,1000000
216681283,1000000,1000000
216701283,1000000,1000000
216701283,1000000,1000000
216721283,1000000,1000000
216721283,1000000,1000000
216741283,1000000,1000000
216741283,1000000,1000000
216761283,1000000,1000000
216761283,1000000,1000000
216781283,1000000,1000000
216781283,1000000,1000000
216797440,1000000,1000000
219884042,1000000,1000000
219884042,1000000,1000000
219884042,1000000,1000000
219904042,1000000,1000000
219905042,1000000,1000000
219925042,1000000,1000000
219925042,1000000,1000000
219945042,1000000,1000000
219945042,1000000,1000000
219965042,1000000,1000000
219965042,1000000,1000000
219985042,1000000,1000000
219985042,1000000,1000000
220005042,1000000,1000000
220005042,1000000,1000000
220025042,1000000,1000000
220025042,1000000,1000000
220045042,1000000,1000000
220045042,1000000,1000000
220065042,1000000,1000000
220065042,1000000,1000000
220085042,1000000,1000000
220085042,1000000,1000000
220105042,1000000,1000000
220105042,1000000,1000000
220125042,1000000,1000000
220125042,1000000,1000000
220145042,1000000,1000000
220145042,1000000,1000000
220165042,1000000,1000000
220165042,1000000,1000000
220185042,1000000,1000000
220185042,1000000,1000000
220192895,1000000,1000000
222106873,1000000,1000000
222106873,1000000,1000000
222106873,1000000,1000000
222126873,1000000,1000000
222127873,1000000,1000000
222147873,1000000,1000000
222147873,1000000,1000000
222167324,1000000,1000000
222758575,1000000,1000000
222758575,1000000,1000000
222758575,1000000,1000000
222778575,1000000,1000000
222779575,1000000,1000000
222799575,1000000,1000000
222799575,1000000,1000000
222819575,1000000,1000000
222819575,1000000,1000000
222839575,1000000,1000000
222839575,1000000,1000000
222841132,1000000,1000000
224866596,1000000,1000000
224866596,1000000,1000000
224866596,1000000,1000000
224886596,1000000,1000000
224887596,1000000,1000000
224907596,1000000,1000000
224907596,1000000,1000000
224927596,1000000,1000000
224927596,1000000,1000000
224947596,1000000,1000000
224947596,1000000,1000000
224967596,1000000,1000000
224967596,1000000,1000000
224987596,1000000,1000000
224987596,1000000,1000000
225007596,1000000,1000000
225007596,1000000,1000000
225027596,1000000,1000000
225027596,1000000,1000000
225047596,1000000,1000000
225047596,1000000,1000000
225067596,1000000,1000000
225067596,1000000,1000000
225087596,1000000,1000000
225087596,1000000,1000000
225107596,1000000,1000000
225107596,1000000,1000000
225127596,1000000,1000000
225127596,1000000,1000000
225147596,1000000,1000000
225147596,1000000,1000000
225167596,1000000,1000000
225167596,1000000,1000000
225187596,1000000,1000000
225187596,1000000,1000000
225207596,1000000,1000000
225207596,1000000,1000000
225227596,1000000,1000000
225227596,1000000,1000000
225247596,1000000,1000000
225247596,1000000,1000000
225267596,1000000,1000000
225267596,1000000,1000000
225287596,1000000,1000000
225287596,1000000,1000000
225307596,1000000,1000000
225307596,1000000,1000000
225327596,1000000,1000000
225327596,1000000,1000000
225347596,1000000,1000000
225347596,1000000,1000000
225367596,1000000,1000000
225367596,1000000,1000000
225387596,1000000,1000000
225387596,1000000,1000000
225407596,1000000,1000000
225407596,1000000,1000000
225427596,1000000,1000000
225427596,1000000,1000000
225447596,1000000,1000000
225447596,1000000,1000000
225467596,1000000,1000000
225467596,1000000,1000000
225487596,1000000,1000000
225487596,1000000,1000000
225507596,1000000,1000000
225507596,1000000,1000000
225527596,1000000,1000000
225527596,1000000,1000000
225547596,1000000,1000000
225547596,1000000,1000000
225567596,1000000,1000000
225567596,1000000,1000000
225571292,1000000,1000000
230210296,1000000,1000000
230210296,1000000,1000000
230210296,1000000,1000000
230230296,1000000,1000000
230231296,1000000,1000000
230251296,1000000,1000000
230251296,1000000,1000000
230271296,1000000,1000000
230271296,1000000,1000000
230291296,1000000,1000000
230291296,1000000,1000000
230311296,1000000,1000000
230311296,1000000,1000000
230331296,1000000,1000000
230331296,1000000,1000000
230351296,1000000,1000000
230351296,1000000,1000000
230371296,1000000,1000000
230371296,1000000,1000000
230391296,1000000,1000000
230391296,1000000,1000000
230411296,1000000,1000000
230411296,1000000,1000000
230431296,1000000,1000000
230431296,1000000,1000000
230451296,1000000,1000000
230451296,1000000,1000000
230471296,1000000,1000000
230471296,1000000,1000000
230491296,1000000,1000000
230491296,1000000,1000000
230511296,1000000,1000000
230511296,1000000,1000000
230531296,1000000,1000000
230531296,1000000,1000000
230551296,1000000,1000000
230551296,1000000,1000000
230571296,1000000,1000000
230571296,1000000,1000000
230591296,1000000,1000000
230591296,1000000,1000000
230611296,1000000,1000000
230611296,1000000,1000000
230631296,1000000,1000000
230631296,1000000,1000000
230651296,1000000,1000000
230651296,1000000,1000000
230671296,1000000,1000000
230671296,1000000,1000000
230691296,1000000,1000000
230691296,1000000,1000000
230711296,1000000,1000000
230711296,1000000,1000000
230715989,1000000,1000000
233349207,1000000,1000000
233349207,1000000,1000000
233349207,1000000,1000000
233367344,1000000,1000000
233840089,1000000,1000000
233840089,1000000,1000000
233840089,1000000,1000000
233860089,1000000,1000000
233861047,1043100.9704879832,1000000
233880220,1043100.9704879832,1000000
233880220,1043100.9704879832,1000000
233899393,1043100.9704879832,1000000
233899393,1043100.9704879832,1000000
233918566,1043100.9704879832,1000000
233918566,1043100.9704879832,1000000
233937739,1043100.9704879832,1000000
233937739,1043100.9704879832,1000000
233956912,1043100.9704879832,1000000
233956912,1043100.9704879832,1000000
233976085,1043100.9704879832,1000000
233976085,1043100.9704879832,1000000
233995258,1043100.9704879832,1000000
233995258,1043100.9704879832,1000000
234014431,1043100.9704879832,1000000
234014431,1043100.9704879832,1000000
234033604,1043100.9704879832,1000000
234033604,1043100.9704879832,1000000
234052777,1043100.9704879832,1000000
234052777,1043100.9704879832,1000000
234071950,1043100.9704879832,1000000
234071950,1043100.9704879832,1000000
234091123,1043100.9704879832,1000000
234091123,1043100.9704879832,1000000
234110296,1043100.9704879832,1000000
234110296,1043100.9704879832,1000000
234129469,1043100.9704879832,1000000
234129469,1043100.9704879832,1000000
234148642,1043100.9704879832,1000000
234148642,1043100.9704879832,1000000
234167815,1043100.9704879832,1000000
234167815,1043100.9704879832,1000000
234186988,1043100.9704879832,1000000
234186988,1043100.9704879832,1000000
234206161,1043100.9704879832,1000000
234206161,1043100.9704879832,1000000
234225334,1043100.9704879832,1000000
234225334,1043100.9704879832,1000000
234244507,1043100.9704879832,1000000
234244507,1043100.9704879832,1000000
234263680,1043100.9704879832,1000000
234263680,1043100.9704879832,1000000
234282853,1043100.9704879832,1000000
234282853,1043100.9704879832,1000000
234302026,1043100.9704879832,1000000
234302026,1043100.9704879832,1000000
234321199,1043100.9704879832,1000000
234321199,1043100.9704879832,1000000
234340372,1043100.9704879832,1000000
234340372,1043100.9704879832,1000000
234359545,1043100.9704879832,1000000
234359545,1043100.9704879832,1000000
234378718,1043100.9704879832,1000000
234378718,1043100.9704879832,1000000
234397891,1043100.9704879832,1000000
234397891,1043100.9704879832,1000000
234417064,1043100.9704879832,1000000
234417064,1043100.9704879832,1000000
234436237,1043100.9704879832,1000000
234436237,1043100.9704879832,1000000
234455410,1043100.9704879832,1000000
234455410,1043100.9704879832,1000000
234467278,1043100.9704879832,1000000
234467278,1043100.9704879832,1000000
234467278,1043100.9704879832,1000000
234474583,1043100.9704879832,1000000
234474583,1043100.9704879832,1000000
234487278,1043100.9704879832,1000000
234488278,1043100.9704879832,1000000
234493756,1043100.9704879832,1000000
234493756,1043100.9704879832,1000000
234508278,1043100.9704879832,1000000
234508278,1043100.9704879832,1000000
234512929,1043100.9704879832,1000000
234512929,1043100.9704879832,1000000
234528278,1043100.9704879832,1000000
234528278,1043100.9704879832,1000000
234532102,1043100.9704879832,1000000
234532102,1043100.9704879832,1000000
234548278,1043100.9704879832,1000000
234548278,1043100.9704879832,1000000
234549915,1043100.9704879832,1000000
234551275,1043100.9704879832,1000000
234551275,1043100.9704879832,1000000
234570448,1043100.9704879832,1000000
234570448,1043100.9704879832,1000000
234589621,1043100.9704879832,1000000
234589621,1043100.9704879832,1000000
234608794,1043100.9704879832,1000000
234608794,1043100.9704879832,1000000
234627967,1043100.9704879832,1000000
234627967,1043100.9704879832,1000000
234647140,1043100.9704879832,1000000
234647140,1043100.9704879832,1000000
234666313,1043100.9704879832,1000000
234666313,1043100.9704879832,1000000
234685486,1043100.9704879832,1000000
234685486,1043100.9704879832,1000000
234704659,1043100.9704879832,1000000
234704659,1043100.9704879832,1000000
234723832,1043100.9704879832,1000000
234723832,1043100.9704879832,1000000
234733118,1043100.9704879832,1000000
242928601,1043100.9704879832,1000000
242928601,1043100.9704879832,1000000
242928601,1043100.9704879832,1000000
242947774,1043100.9704879832,1000000
242948774,1000000,1000000
242968774,1000000,1000000
242968774,1000000,1000000
242988774,1000000,1000000
242988774,1000000,1000000
243008774,1000000,1000000
243008774,1000000,1000000
243016885,1000000,1000000
243199485,1000000,1000000
243199485,1000000,1000000
243199485,1000000,1000000
243219485,1000000,1000000
243220485,1000000,1000000
243240485,1000000,1000000
243240485,1000000,1000000
243260485,1000000,1000000
243260485,1000000,1000000
243280485,1000000,1000000
243280485,1000000,1000000
243300485,1000000,1000000
243300485,1000000,1000000
243320485,1000000,1000000
243320485,1000000,1000000
243340485,1000000,1000000
243340485,1000000,1000000
243360485,1000000,1000000
243360485,1000000,1000000
243380185,1000000,1000000
244985412,1000000,1000000
244985412,1000000,1000000
244985412,1000000,1000000
245005412,1000000,1000000
245006412,1000000,1000000
245026412,1000000,1000000
245026412,1000000,1000000
245046412,1000000,1000000
245046412,1000000,1000000
245066412,1000000,1000000
245066412,1000000,1000000
245086412,1000000,1000000
245086412,1000000,1000000
245106412,1000000,1000000
245106412,1000000,1000000
245126412,1000000,1000000
245126412,1000000,1000000
245146412,1000000,1000000
245146412,1000000,1000000
245166412,1000000,1000000
245166412,1000000,1000000
245186412,1000000,1000000
245186412,1000000,1000000
245206412,1000000,1000000
245206412,1000000,1000000
245226412,1000000,1000000
245226412,1000000,1000000
245246412,1000000,1000000
245246412,1000000,1000000
245266412,1000000,1000000
245266412,1000000,1000000
245286412,1000000,1000000
245286412,1000000,1000000
245306412,1000000,1000000
245306412,1000000,1000000
245326412,1000000,1000000
245326412,1000000,1000000
245346412,1000000,1000000
245346412,1000000,1000000
245366412,1000000,1000000
245366412,1000000,1000000
245386412,1000000,1000000
245386412,1000000,1000000
245406412,1000000,1000000
245406412,1000000,1000000
245426412,1000000,1000000
245426412,1000000,1000000
245446412,1000000,1000000
245446412,1000000,1000000
245466412,1000000,1000000
245466412,1000000,1000000
245486412,1000000,1000000
245486412,1000000,1000000
245506412,1000000,1000000
245506412,1000000,1000000
245526412,1000000,1000000
245526412,1000000,1000000
245546412,1000000,1000000
245546412,1000000,1000000
245566412,1000000,1000000
245566412,1000000,1000000
245586412,1000000,1000000
245586412,1000000,1000000
245606412,1000000,1000000
245606412,1000000,1000000
245626412,1000000,1000000
245626412,1000000,1000000
245646412,1000000,1000000
245646412,1000000,1000000
245666412,1000000,1000000
245666412,1000000,1000000
245686412,1000000,1000000
245686412,1000000,1000000
245706412,1000000,1000000
245706412,1000000,1000000
245726412,1000000,1000000
245726412,1000000,1000000
245746412,1000000,1000000
245746412,1000000,1000000
245766412,1000000,1000000
245766412,1000000,1000000
245786412,1000000,1000000
245786412,1000000,1000000
245806412,1000000,1000000
245806412,1000000,1000000
245826412,1000000,1000000
245826412,1000000,1000000
245846412,1000000,1000000
245846412,1000000,1000000
245866412,1000000,1000000
245866412,1000000,1000000
245874348,1000000,1000000
246174533,1000000,1000000
246174533,1000000,1000000
246174533,1000000,1000000
246194533,1000000,1000000
246195533,1000000,1000000
246215533,1000000,1000000
246215533,1000000,1000000
246235533,1000000,1000000
246235533,1000000,1000000
246255533,1000000,1000000
246255533,1000000,1000000
246275533,1000000,1000000
246275533,1000000,1000000
246295533,1000000,1000000
246295533,1000000,1000000
246315533,1000000,1000000
246315533,1000000,1000000
246335533,1000000,1000000
246335533,1000000,1000000
246355533,1000000,1000000
246355533,1000000,1000000
246375533,1000000,1000000
246375533,1000000,1000000
246390944,1000000,1000000
251525104,1000000,1000000
251525104,1000000,1000000
251525104,1000000,1000000
251545104,1000000,1000000
251546085,1018478.9251428266,1000000
251565722,1018478.9251428266,1000000
251565722,1018478.9251428266,1000000
251585359,1018478.9251428266,1000000
251585359,1018478.9251428266,1000000
251604996,1018478.9251428266,1000000
251604996,1018478.9251428266,1000000
251624633,1018478.9251428266,1000000
251624633,1018478.9251428266,1000000
251644270,1018478.9251428266,1000000
251644270,1018478.9251428266,1000000
251663907,1018478.9251428266,1000000
251663907,1018478.9251428266,1000000
251683544,1018478.9251428266,1000000
251683544,1018478.9251428266,1000000
251703181,1018478.9251428266,1000000
251703181,1018478.9251428266,1000000
251722818,1018478.9251428266,1000000
251722818,1018478.9251428266,1000000
251725470,1018478.9251428266,1000000
251900561,1018478.9251428266,1000000
251900561,1018478.9251428266,1000000
251900561,1018478.9251428266,1000000
251913854,1018478.9251428266,1000000
254191148,1018478.9251428266,1000000
254191148,1018478.9251428266,1000000
254191148,1018478.9251428266,1000000
254201529,1018478.9251428266,1000000
255823790,1000000,1000000
255823790,1000000,1000000
255823790,1000000,1000000
255843790,1000000,1000000
255844790,1000000,1000000
255864790,1000000,1000000
255864790,1000000,1000000
255869737,1000000,1000000
261489215,1000000,1000000
261489215,1000000,1000000
261489215,1000000,1000000
261509215,1000000,1000000
261510215,1000000,1000000
261530215,1000000,1000000
261530215,1000000,1000000
261550215,1000000,1000000
261550215,1000000,1000000
261570215,1000000,1000000
261570215,1000000,1000000
261581698,1000000,1000000
264238748,1000000,1000000
264238748,1000000,1000000
264238748,1000000,1000000
264247736,1000000,1000000
264709041,1000000,1000000
264709041,1000000,1000000
264709041,1000000,1000000
264729041,1000000,1000000
264730041,1000000,1000000
264750041,1000000,1000000
264750041,1000000,1000000
264770041,1000000,1000000
264770041,1000000,1000000
264787325,1000000,1000000
264787325,1000000,1000000
264787325,1000000,1000000
264790041,1000000,1000000
264790041,1000000,1000000
264807325,1000000,1000000
264807325,1000000,1000000
264810041,1000000,1000000
264810041,1000000,1000000
264827325,1000000,1000000
264827325,1000000,1000000
264830041,1000000,1000000
264830041,1000000,1000000
264847325,1000000,1000000
264847325,1000000,1000000
264850041,1000000,1000000
264850041,1000000,1000000
264867325,1000000,1000000
264867325,1000000,1000000
264870041,1000000,1000000
264870041,1000000,1000000
264887325,1000000,1000000
264887325,1000000,1000000
264890041,1000000,1000000
264890041,1000000,1000000
264896686,1000000,1000000
264910041,1000000,1000000
264910041,1000000,1000000
264930041,1000000,1000000
264930041,1000000,1000000
264950041,1000000,1000000
264950041,1000000,1000000
264970041,1000000,1000000
264970041,1000000,1000000
264990041,1000000,1000000
264990041,1000000,1000000
265010041,1000000,1000000
265010041,1000000,1000000
265030041,1000000,1000000
265030041,1000000,1000000
265050041,1000000,1000000
265050041,1000000,1000000
265070041,1000000,1000000
265070041,1000000,1000000
265090041,1000000,1000000
265090041,1000000,1000000
265110041,1000000,1000000
265110041,1000000,1000000
265130041,1000000,1000000
265130041,1000000,1000000
265150041,1000000,1000000
265150041,1000000,1000000
265170041,1000000,1000000
265170041,1000000,1000000
265190041,1000000,1000000
265190041,1000000,1000000
265210041,1000000,1000000
265210041,1000000,1000000
265230041,1000000,1000000
265230041,1000000,1000000
265250041,1000000,1000000
265250041,1000000,1000000
265270041,1000000,1000000
265270041,1000000,1000000
265290041,1000000,1000000
265290041,1000000,1000000
265310041,1000000,1000000
265310041,1000000,1000000
265330041,1000000,1000000
265330041,1000000,1000000
265350041,1000000,1000000
265350041,1000000,1000000
265370041,1000000,1000000
265370041,1000000,1000000
265390041,1000000,1000000
265390041,1000000,1000000
265410041,1000000,1000000
265410041,1000000,1000000
265430041,1000000,1000000
265430041,1000000,1000000
265450041,1000000,1000000
265450041,1000000,1000000
265470041,1000000,1000000
265470041,1000000,1000000
265490041,1000000,1000000
265490041,1000000,1000000
265510041,1000000,1000000
265510041,1000000,1000000
265530041,1000000,1000000
265530041,1000000,1000000
265550041,1000000,1000000
265550041,1000000,1000000
265570041,1000000,1000000
265570041,1000000,1000000
265590041,1000000,1000000
265590041,1000000,1000000
265610041,1000000,1000000
265610041,1000000,1000000
265630041,1000000,1000000
265630041,1000000,1000000
265650041,1000000,1000000
265650041,1000000,1000000
265670041,1000000,1000000
265670041,1000000,1000000
265690041,1000000,1000000
265690041,1000000,1000000
265710041,1000000,1000000
265710041,1000000,1000000
265730041,1000000,1000000
265730041,1000000,1000000
265750041,1000000,1000000
265750207,6000000,1000000
265753540,6000000,1000000
265753540,6000000,1000000
265756873,6000000,1000000
265756873,6000000,1000000
265760206,6000000,1000000
265760206,6000000,1000000
265763539,6000000,1000000
265763539,6000000,1000000
265766872,6000000,1000000
265766872,6000000,1000000
265770205,6000000,1000000
265770205,6000000,1000000
265773538,6000000,1000000
265773538,6000000,1000000
265776871,6000000,1000000
265776871,6000000,1000000
265780204,6000000,1000000
265780204,6000000,1000000
265783537,6000000,1000000
265783537,6000000,1000000
265786870,6000000,1000000
265786870,6000000,1000000
265790203,6000000,1000000
265790203,6000000,1000000
265793536,6000000,1000000
265793536,6000000,1000000
265796869,6000000,1000000
265796869,6000000,1000000
265800202,6000000,1000000
265800202,6000000,1000000
265803535,6000000,1000000
265803535,6000000,1000000
265804923,6000000,1000000
269829979,6000000,1000000
269829979,6000000,1000000
269829979,6000000,1000000
269833312,6000000,1000000
269834312,1000000,1000000
269854312,1000000,1000000
269854312,1000000,1000000
269874312,1000000,1000000
269874312,1000000,1000000
269894312,1000000,1000000
269894312,1000000,1000000
269914312,1000000,1000000
269914312,1000000,1000000
269934312,1000000,1000000
269934312,1000000,1000000
269954312,1000000,1000000
269954312,1000000,1000000
269974312,1000000,1000000
269974312,1000000,1000000
269994312,1000000,1000000
269994312,1000000,1000000
270014312,1000000,1000000
270014312,1000000,1000000
270034312,1000000,1000000
270034312,1000000,1000000
270054312,1000000,1000000
270054312,1000000,1000000
270074312,1000000,1000000
270074312,1000000,1000000
270094312,1000000,1000000
270094312,1000000,1000000
270114312,1000000,1000000
270114312,1000000,1000000
270126879,1000000,1000000
273167520,1000000,1000000
273167520,1000000,1000000
273167520,1000000,1000000
273187520,1000000,1000000
273188520,1000000,1000000
273208520,1000000,1000000
273208520,1000000,1000000
273228520,1000000,1000000
273228520,1000000,1000000
273230886,1000000,1000000
274240754,1000000,1000000
274240754,1000000,1000000
274240754,1000000,1000000
274260754,1000000,1000000
274261754,1000000,1000000
274281754,1000000,1000000
274281754,1000000,1000000
274301754,1000000,1000000
274301754,1000000,1000000
274321754,1000000,1000000
274321754,1000000,1000000
274326149,1000000,1000000
274846658,1000000,1000000
274846658,1000000,1000000
274846658,1000000,1000000
274866658,1000000,1000000
274867658,1000000,1000000
274887658,1000000,1000000
274887658,1000000,1000000
274907658,1000000,1000000
274907658,1000000,1000000
274927658,1000000,1000000
274927658,1000000,1000000
274947658,1000000,1000000
274947658,1000000,1000000
274967658,1000000,1000000
274967658,1000000,1000000
274987658,1000000,1000000
274987658,1000000,1000000
275007658,1000000,1000000
275007658,1000000,1000000
275027658,1000000,1000000
275027658,1000000,1000000
275047658,1000000,1000000
275047658,1000000,1000000
275067658,1000000,1000000
275067658,1000000,1000000
275079438,1000000,1000000
278466263,1000000,1000000
278466263,1000000,1000000
278466263,1000000,1000000
278486263,1000000,1000000
278487263,1000000,1000000
278507263,1000000,1000000
278507263,1000000,1000000
278527263,1000000,1000000
278527263,1000000,1000000
278547263,1000000,1000000
278547263,1000000,1000000
278567263,1000000,1000000
278567263,1000000,1000000
278570639,1000000,1000000
282652364,1000000,1000000
282652364,1000000,1000000
282652364,1000000,1000000
282668348,1000000,1000000
282680640,1000000,1000000
282680640,1000000,1000000
282680640,1000000,1000000
282700640,1000000,1000000
282701640,1000000,1000000
282721640,1000000,1000000
282721640,1000000,1000000
282741640,1000000,1000000
282741640,1000000,1000000
282761640,1000000,1000000
282761640,1000000,1000000
282781640,1000000,1000000
282781640,1000000,1000000
282801640,1000000,1000000
282801640,1000000,1000000
282821640,1000000,1000000
282821640,1000000,1000000
282841640,1000000,1000000
282841640,1000000,1000000
282861640,1000000,1000000
282861640,1000000,1000000
282881640,1000000,1000000
282881640,1000000,1000000
282901640,1000000,1000000
282901640,1000000,1000000
282921640,1000000,1000000
282921640,1000000,1000000
282941640,1000000,1000000
282941640,1000000,1000000
282956082,1000000,1000000
284113740,1000000,1000000
284113740,1000000,1000000
284113740,1000000,1000000
284133740,1000000,1000000
284134740,1000000,1000000
284154740,1000000,1000000
284154740,1000000,1000000
284174740,1000000,1000000
284174740,1000000,1000000
284194740,1000000,1000000
284194740,1000000,1000000
284214740,1000000,1000000
284214740,1000000,1000000
284234740,1000000,1000000
284234740,1000000,1000000
284241044,1000000,1000000
287398390,1000000,1000000
287398390,1000000,1000000
287398390,1000000,1000000
287418390,1000000,1000000
287419390,1000000,1000000
287439390,1000000,1000000
287439390,1000000,1000000
287459390,1000000,1000000
287459390,1000000,1000000
287479390,1000000,1000000
287479390,1000000,1000000
287499390,1000000,1000000
287499390,1000000,1000000
287519390,1000000,1000000
287519390,1000000,1000000
287539390,1000000,1000000
287539390,1000000,1000000
287559390,1000000,1000000
287559390,1000000,1000000
287579390,1000000,1000000
287579390,1000000,1000000
287599390,1000000,1000000
287599390,1000000,1000000
287619390,1000000,1000000
287619390,1000000,1000000
287639390,1000000,1000000
287639390,1000000,1000000
287659390,1000000,1000000
287659390,1000000,1000000
287679390,1000000,1000000
287679390,1000000,1000000
287699390,1000000,1000000
287699390,1000000,1000000
287719390,1000000,1000000
287719390,1000000,1000000
287739390,1000000,1000000
287739390,1000000,1000000
287759390,1000000,1000000
287759390,1000000,1000000
287779390,1000000,1000000
287779390,1000000,1000000
287799390,1000000,1000000
287799390,1000000,1000000
287819390,1000000,1000000
287819390,1000000,1000000
287839390,1000000,1000000
287839390,1000000,1000000
287859390,1000000,1000000
287859390,1000000,1000000
287879390,1000000,1000000
287879390,1000000,1000000
287899390,1000000,1000000
287899390,1000000,1000000
287919390,1000000,1000000
287919390,1000000,1000000
287939390,1000000,1000000
287939390,1000000,1000000
287959390,1000000,1000000
287959390,1000000,1000000
287979390,1000000,1000000
287979390,1000000,1000000
287999390,1000000,1000000
287999390,1000000,1000000
288002324,1000000,1000000
291408202,1000000,1000000
291408202,1000000,1000000
291408202,1000000,1000000
291428202,1000000,1000000
291429202,1000000,1000000
291437664,1000000,1000000
292910948,1000000,1000000
292910948,1000000,1000000
292910948,1000000,1000000
292930948,1000000,1000000
292931948,1000000,1000000
292951948,1000000,1000000
292951948,1000000,1000000
292971948,1000000,1000000
292971948,1000000,1000000
292991948,1000000,1000000
292991948,1000000,1000000
293011948,1000000,1000000
293011948,1000000,1000000
293031948,1000000,1000000
293031948,1000000,1000000
293051948,1000000,1000000
293051948,1000000,1000000
293071948,1000000,1000000
293071948,1000000,1000000
293091948,1000000,1000000
293091948,1000000,1000000
293111948,1000000,1000000
293111948,1000000,1000000
293131948,1000000,1000000
293131948,1000000,1000000
293151948,1000000,1000000
293151948,1000000,1000000
293171948,1000000,1000000
293171948,1000000,1000000
293191948,1000000,1000000
293191948,1000000,1000000
293211948,1000000,1000000
293211948,1000000,1000000
293231948,1000000,1000000
293231948,1000000,1000000
293251948,1000000,1000000
293251948,1000000,1000000
293265223,1000000,1000000
293265223,1000000,1000000
293265223,1000000,1000000
293271948,1000000,1000000
293271948,1000000,1000000
293285223,1000000,1000000
293286223,1000000,1000000
293291948,1000000,1000000
293291948,1000000,1000000
293295205,1000000,1000000
293296753,1000000,1000000
297265784,1000000,1000000
297265784,1000000,1000000
297265784,1000000,1000000
297285784,1000000,1000000
297286784,1000000,1000000
297306784,1000000,1000000
297306784,1000000,1000000
297326784,1000000,1000000
297326784,1000000,1000000
297346784,1000000,1000000
297346784,1000000,1000000
297366784,1000000,1000000
297366784,1000000,1000000
297386784,1000000,1000000
297386784,1000000,1000000
297406784,1000000,1000000
297406784,1000000,1000000
297426784,1000000,1000000
297426784,1000000,1000000
297446784,1000000,1000000
297446784,1000000,1000000
297466784,1000000,1000000
297466784,1000000,1000000
297486784,1000000,1000000
297486784,1000000,1000000
297506784,1000000,1000000
297506784,1000000,1000000
297526784,1000000,1000000
297526784,1000000,1000000
297546784,1000000,1000000
297546784,1000000,1000000
297566784,1000000,1000000
297566784,1000000,1000000
297586784,1000000,1000000
297586784,1000000,1000000
297593145,1000000,1000000
